/*ARTISTE*/

INSERT INTO Artiste VALUES('YUNGBLUD','Dominic Harrison','05-aug-1997','Britannique','13-sep-2017',null,'Voix','David');

INSERT INTO Artiste VALUES('Miley Cyrus','Destiny Hope Cyrus','23-nov-1992','Americaine','14-jan-2001',null,'Voix','Brandy Cyrus');

INSERT INTO Artiste VALUES('Ashnikko','Ashton Nicole Casey','19-feb-1996','Britannique','22-apr-2016',null,'Voix','Digital Picnic');

INSERT INTO Artiste VALUES('The Weeknd','Abel MakkonTesfaye','16-feb-1990','Canadienne','03-jan-2011',null,'Voix','XO');

INSERT INTO Artiste VALUES('Rebecca Black','Rebecca Renee Black','21-jun-1997','Americaine','14-may-2011',null,'Voix','John Jeffery');

INSERT INTO Artiste VALUES('Doja Cat','Amala Dlamini','21-oct-1995','Americaine','14-apr-2013',null,'Voix','RCA Records');

INSERT INTO Artiste VALUES('Lil Nas X','Montero Lamar Hill','09-apr-1999','Americaine','06-jan-2019',null,'Voix','RCA Records');

INSERT INTO Artiste VALUES('Ariana Grande','Ariana Grande','26-jun-1993','Americaine','25-mar-2008',null,'Voix','Scooter Braun');

INSERT INTO Artiste VALUES('Damiano David','Damiano David','08-jan-1999','Italienne','01-may-2021',null,'Voix','Damiano David');

INSERT INTO Artiste VALUES('Victoria De Angelis','Victoria De Angelis','26-jun-1993','Italienne','01-may-2021',null,'Basse','Victoria De Angelis');

INSERT INTO Artiste VALUES('Thomas Raggi',' Thomas Raggi','18-jan-2001','Italienne','01-may-2021',null,'Guitare','Thomas Raggi');

INSERT INTO Artiste VALUES('Ethan Torchio','Ethan Torchio','08-oct-2000','Italienne','01-may-2021',null,'Batterie','Scooter Braun');

INSERT INTO Artiste VALUES('Bruno Mars','Peter Gene Hernand','08-oct-1985','Americaine','01-may-2016',null,'Voix','Jessica Caban');

INSERT INTO Artiste VALUES('Anderson Paak','Brandon Anderson','08-feb-1986','Americaine','01-may-2008',null,'Voix','Scooter Braun');

INSERT INTO Artiste VALUES('Kevin Olusola','Kevin Olusola','05-oct-1988','Americaine','05-may-2016',null,'Voix','Scooter Braun');

INSERT INTO Artiste VALUES('Kirstin Maldonado','Kirstin Maldonado','16-may-1992','Americaine','05-may-2016',null,'Voix','Scooter Braun');

INSERT INTO Artiste VALUES('Mitch Grassi','Mitch Grassi','08-jul-1992','Americaine','05-may-2016',null,'Voix','Scooter Braun');

INSERT INTO Artiste VALUES('Matthew Sallee','Matthew Sallee','17-apr-1989','Americaine','05-may-2016',null,'Voix','Scooter Braun');

INSERT INTO Artiste VALUES('Scott Hoying','Scott Hoying','08-oct-1985','Americaine','05-may-2016',null,'Voix','Scooter Braun');

INSERT INTO Artiste VALUES('Dan Smith','Daniel Campbell','16-may-1970','Americaine','01-dec-2010',null,'Voix','Virginie Colada');

INSERT INTO Artiste VALUES('Kyle Simmons','Kyle Simmons','08-jul-1982','Americaine','01-dec-2010',null,'Voix','Virginie Colada');

INSERT INTO Artiste VALUES('Will Farquarson','Will Farquarson','17-feb-1983','Americaine','01-dec-2010', null,'Voix', 'Virginie Colada');

INSERT INTO Artiste VALUES('David Kendrick','David Kendrick','08-oct-1955','Americaine','01-dec-2010',null,'Voix','Virginie Colada');

INSERT INTO Artiste VALUES('Jack Patterson','Jack Patterson','08-jul-1982','Britannique','05-nov-2015',null,'Clavier','Hannah Miller');

INSERT INTO Artiste VALUES('Luke Patterson','Luke Patterson ','17-feb-1983','Britannique','05-nov-2015', null,'Batterie', 'Hannah Miller');

INSERT INTO Artiste VALUES('Grace Chatto','Grace Chatto','08-oct-1955','Britannique','05-nov-2015',null,'Violoncelle','Hannah Miller');

INSERT INTO Artiste VALUES('Nekfeu','Ken Samaras','03-apr-1990','Francaise','26-nov-2014',null,'voix','Arnaud Bertrand');

INSERT INTO Artiste VALUES('Orelsan','Aurelien Cotentin','01-aug-1982','Francaise','09-dec-2007',null,'voix','Arnaud Bertrand');

INSERT INTO Artiste VALUES('Michael Jackson','Michael Jackson','29-aug-1958','Americaine','30-sep-1970','25-jun-2009','voix','Rick Rubin');

INSERT INTO Artiste VALUES('Mika','Michael H.P. Jr','18-aug-1983','Libanaise','17-jul-2007',null,'voix','Rick Rubin');

INSERT INTO Artiste VALUES('Francis Cabrel','Francis Cabrel','03-apr-1990','Francaise','26-nov-2014',null,'voix','Michel Perot');

INSERT INTO Artiste VALUES
('Bob Dylan', 'Zimmerman', '24-may-1941', 'Americaine', '01-mar-1962', null, 'Guitare', 'Albert Grossman');

INSERT INTO Artiste VALUES
('Justin Timberlake', 'Timberlake', '31-jan-1981', 'Americaine', '01-jan-1995', null, 'Piano', null);

INSERT INTO Artiste VALUES
('Usher', 'Raymond IV', '14-oct-1978', 'Americaine', '30-aug-1994', null, 'Voix', 'Jermaine Dupri');

INSERT INTO Artiste VALUES
('Rihanna','Fenty', '20-feb-1988', 'Barbadienne', '01-dec-2003', null, 'Voix', 'Carl Sturken');

INSERT INTO Artiste VALUES
('Katy Perry', 'Hudson', '25-oct-1984', 'Americaine', '01-jan-2001', null, 'Guitare', 'Glen Ballard');

INSERT INTO Artiste VALUES
('Mick Jagger', 'Jagger', '26-jul-1943', 'Britannique', '12-jul-1962', null, 'Harmonica', 'Don Was');

INSERT INTO Artiste VALUES
('Keith Richards', 'Richards', '18-dec-1943', 'Britannique', '12-jul-1962', null, 'Basse', 'Don Was');

INSERT INTO Artiste VALUES
('Ron Wood', 'Wood', '01-jun-1947', 'Britannique', '01-jan-1975', null, 'Guitare', 'Don Was');

INSERT INTO Artiste VALUES
('Leo', 'Imamura', '27-jan-1987', 'Japonaise', '01-jan-2016', null, 'Voix', null);

INSERT INTO Artiste VALUES
('Alex', 'Fidel', '23-apr-1993', 'Japonaise', '01-jan-2016', null, 'Percussion', null);

INSERT INTO Artiste VALUES
('Dan Reynolds', 'Reynolds', '14-jul-1987', 'Americaine', '01-jan-2010', null, 'Voix', 'Alex Da Kid');

INSERT INTO Artiste VALUES
('Wayne Sermon', 'Sermon', '15-jun-1984', 'Americaine', '01-jan-2010', null, 'Guitare', 'Alex Da Kid');

INSERT INTO Artiste VALUES('Anthony Kiedis','Anthony Kiedis','01-nov-1962','Americaine','03-jun-1998',null,'Voix',null);

INSERT INTO Artiste VALUES('Flea','Michael Balzary','16-oct-1962','Americaine','03-jun-1998',null,'Basse',null);

INSERT INTO Artiste VALUES('Chad Smith','Chad Smith','25-oct-1961','Americaine','03-jun-1998',null,'Batterie',null);

INSERT INTO Artiste VALUES('John Frusciante','John Frusciante','05-mar-1970','Americaine','03-jun-1998',null,'Guitare',null);

INSERT INTO Artiste VALUES('BigFlo','Florian Ordonez','22-jan-1993','Francaise','13-oct-2013',null,'Voix',null);

INSERT INTO Artiste VALUES('Oli','Olivio Ordonez','19-apr-1996','Francaise','13-oct-2013',null,'Voix',null);

INSERT INTO Artiste VALUES('Till Lindemann','Till Lindemann','04-jan-1963','Allemande','15-apr-1994',null,'Voix',null);

INSERT INTO Artiste VALUES('Richard Zven Kruspe','Richard Zven Kruspe','24-jun-1967','Allemande','15-apr-1994',null,'Guitare',null);

INSERT INTO Artiste VALUES('Paul H. Landers','Paul H. Landers','10-mar-1965','Allemande','15-apr-1994',null,'Guitare',null);

INSERT INTO Artiste VALUES('Oliver Riedel','Oliver Riedel','11-apr-1971','Allemande','15-apr-1994',null,'Basse',null);

INSERT INTO Artiste VALUES('Christian Lorenz','Christian Lorenz','27-mar-1967','Allemande','15-apr-1994',null,'Clavier',null);

INSERT INTO Artiste VALUES('Christoph Schneider','Christoph Schneider','04-jul-1965','Allemande','15-apr-1994',null,'Batterie',null);



/*GROUPE*/

INSERT INTO Groupe VALUES  ('Maneskin','Italienne','01-jan-2016',null,'01-may-2021',null,'Simon Powwel');

INSERT INTO Groupe VALUES  ('Silk Sonic','Americaine','01-march-2021',null,'05-mar-2021',null,'Bruno Mars');

INSERT INTO Groupe VALUES  ('Pentatonix','Americaine','01-jan-2016',null,'05-may-2016',null,'Simon Powwel');

INSERT INTO Groupe VALUES  ('Bastille','Britannique','15-oct-2010',null,'01-dec-2010',null,'Virginie Colada');

INSERT INTO Groupe VALUES  ('Clean Bandit','Britannique','01-jan-2009',null,'05-nov-2015',null,'Camille Dan');

INSERT INTO Groupe VALUES
('The Rolling Stones', 'Britannique', '01-jun-1962', null, '12-jul-1962', null, 'Don Was');

INSERT INTO Groupe VALUES
('ALI', 'Japonaise', '01-jan-2016', null, '01-jan-2016', null, null);

INSERT INTO Groupe VALUES
('Imagine Dragons', 'Americaine', '01-jan-2008', null, '01-jan-2010', null, 'Alex Da Kid');

INSERT INTO Groupe  VALUES ('RedHotChiliPeppers','Americaine','03-jun-1983',null,'03-jun-1998',null,'Rick Rubin');

INSERT INTO Groupe VALUES ('BigFloetOli','Francaise','10-oct-2005',null,'13-oct-2013',null,'Arnaud Bertrand');

INSERT INTO Groupe VALUES ('Rammstein','Allemande','08-mar-1994',null,'15-apr-1994',null,'Berthold Dillman');




/*MEMBRE DU GROUPE*/

INSERT INTO MembreduGroupe VALUES('Damiano David','Maneskin');
INSERT INTO MembreduGroupe VALUES('Victoria De Angelis','Maneskin');
INSERT INTO MembreduGroupe VALUES('Thomas Raggi','Maneskin');
INSERT INTO MembreduGroupe VALUES('Ethan Torchio','Maneskin');

INSERT INTO MembreduGroupe VALUES('Bruno Mars','Silk Sonic');
INSERT INTO MembreduGroupe VALUES('Anderson Paak','Silk Sonic');

INSERT INTO MembreduGroupe VALUES('Kevin Olusola','Pentatonix');
INSERT INTO MembreduGroupe VALUES('Kirstin Maldonado','Pentatonix');
INSERT INTO MembreduGroupe VALUES('Mitch Grassi','Pentatonix');
INSERT INTO MembreduGroupe VALUES('Matthew Sallee','Pentatonix');
INSERT INTO MembreduGroupe VALUES('Scott Hoying','Pentatonix');

INSERT INTO MembreduGroupe VALUES('Dan Smith','Bastille');
INSERT INTO MembreduGroupe VALUES('Kyle Simmons','Bastille');
INSERT INTO MembreduGroupe VALUES('Will Farquarson','Bastille');
INSERT INTO MembreduGroupe VALUES('David Kendrick','Bastille');

INSERT INTO MembreduGroupe VALUES('Jack Patterson','Clean Bandit');
INSERT INTO MembreduGroupe VALUES('Luke Patterson','Clean Bandit');
INSERT INTO MembreduGroupe VALUES('Grace Chatto','Clean Bandit');

INSERT INTO MembreduGroupe VALUES
('Mick Jagger', 'The Rolling Stones');
INSERT INTO MembreduGroupe VALUES
('Keith Richards', 'The Rolling Stones');
INSERT INTO MembreduGroupe VALUES
('Ron Wood', 'The Rolling Stones');

INSERT INTO MembreduGroupe VALUES
('Leo', 'ALI');
INSERT INTO MembreduGroupe VALUES
('Alex', 'ALI');

INSERT INTO MembreduGroupe VALUES
('Dan Reynolds', 'Imagine Dragons');
INSERT INTO MembreduGroupe VALUES
('Wayne Sermon', 'Imagine Dragons');

INSERT INTO MembreduGroupe VALUES('BigFlo','BigFloetOli');
INSERT INTO MembreduGroupe VALUES('Oli','BigFloetOli');


INSERT INTO MembreduGroupe VALUES('Anthony Kiedis','RedHotChiliPeppers');
INSERT INTO MembreduGroupe VALUES('Flea','RedHotChiliPeppers');
INSERT INTO MembreduGroupe VALUES('Chad Smith','RedHotChiliPeppers');
INSERT INTO MembreduGroupe VALUES('John Frusciante','RedHotChiliPeppers');

INSERT INTO MembreduGroupe VALUES('Till Lindemann','Rammstein');
INSERT INTO MembreduGroupe VALUES('Richard Zven Kruspe','Rammstein');
INSERT INTO MembreduGroupe VALUES('Paul H. Landers','Rammstein');
INSERT INTO MembreduGroupe VALUES('Oliver Riedel','Rammstein');
INSERT INTO MembreduGroupe VALUES('Christian Lorenz','Rammstein');
INSERT INTO MembreduGroupe VALUES('Christoph Schneider','Rammstein');


/*OEUVRE*/

INSERT INTO Oeuvre VALUES(2055980,'Weird!','Zakk Cervini','04-dec-2020','Album',600000,null,'YUNGBLUD');
INSERT INTO Oeuvre VALUES(8141206,'the underrated youth','Zakk Cervini','18-oct-2019','EP',85640,null,'YUNGBLUD');
INSERT INTO Oeuvre VALUES(8522670,'11 Minutes','YUNGBLUD','14-feb-2019','Single',605000,null,'YUNGBLUD');


INSERT INTO Oeuvre VALUES(7387512,'Plastic Heart','Louis Bell','27-nov-2020','Album',259990,null,'Miley Cyrus');
INSERT INTO Oeuvre VALUES(6663065,'She Is Coming','Andrew Wyatt','31-may-2019','EP',312019,null,'Miley Cyrus');
INSERT INTO Oeuvre VALUES(1692907,'Wrecking Ball','Miley Cyrus','24-sep-2013','Single',5600000,null,'Miley Cyrus');

INSERT INTO Oeuvre VALUES (3396881,'DEMIDEVIL','Ashnikko','15-jan-2021','Album',996000,null,'Ashnikko');
INSERT INTO Oeuvre VALUES (8318197,'Unlikeable','Dr Luke','23-nov-2018','EP',56000,null,'Ashnikko');
INSERT INTO Oeuvre VALUES (2721185,'Maggots','Ashnikko','29-sep-2021','Single',500000,null,'Ashnikko');

INSERT INTO Oeuvre VALUES(3429202,'StarBoy','Milene Aurre','13-feb-2016','Album',256256,null,'The Weeknd');
INSERT INTO Oeuvre VALUES(4888152,'After Hours','James Gunn','15-jan-2020','EP',62546,null,'The Weeknd');
INSERT INTO Oeuvre VALUES(8573224,'Save Your Tears','Milene Aurre','06-mar-2015','Single',178642546,null,'The Weeknd');

INSERT INTO Oeuvre VALUES(9064079,'RB was here','Dr Luke','13-apr-2021','Album',454542,null,'Rebecca Black');
INSERT INTO Oeuvre VALUES(9674082,'Girlfriend','Max Max','19-aug-2021','EP',54514130,null,'Rebecca Black');
INSERT INTO Oeuvre VALUES(2753467,'Friday','Jimbo','31-jan-2021','Single',2004,null,'Rebecca Black');

INSERT INTO Oeuvre VALUES(8156047,'Planet Her','Jimbo','26-jun-2021','Album',4128610,null,'Doja Cat');
INSERT INTO Oeuvre VALUES(8301070,'Hot Pink','Dr Luke','15-aug-2019','Album',545000,null,'Doja Cat');
INSERT INTO Oeuvre VALUES(8423917,'Kiss Me More','Dr Luke','26-jun-2021','Single',25217458,null,'Doja Cat');

INSERT INTO Oeuvre VALUES(6534088,'Montero','Montero','25-sep-2021','Album',45145000,null,'Lil Nas X');
INSERT INTO Oeuvre VALUES(4086990,'Old Town Road','Billy Ray Cyrus','14-jan-2019','EP',12000000,null,'Lil Nas X');
INSERT INTO Oeuvre VALUES(5632988,'Call Me By Your Name','26-may-2021','26-may-2021','Single',400000000,null,'Lil Nas X');

INSERT INTO Oeuvre VALUES(206595,'Thank u Next','James Gunn','02-mar-2018','Album',4105200,null,'Ariana Grande');
INSERT INTO Oeuvre VALUES(3605906,'My Everything','Cora Ander','19-may-2015','EP',4254,null,'Ariana Grande');
INSERT INTO Oeuvre VALUES(2359805,'Don t look up','Richard Grayson','30-dec-2021','Single',64240000,null,'Ariana Grande');

INSERT INTO Oeuvre VALUES(1113704,'Teatro d ira','Maneskin','19-sep-2021','Album',52000,'Maneskin',null);
INSERT INTO Oeuvre VALUES(1323972,'Chosen','Maneskin','13-sep-2013','EP',654000,'Maneskin',null);
INSERT INTO Oeuvre VALUES(9137849,'I wanna be ur slave','Maneskin','06-aug-2021','Single',5600000,'Maneskin',null);

INSERT INTO Oeuvre VALUES(2624599,'An evening with','Aftermath','12-nov-2021','Album',750000,'Silk Sonic',null);
INSERT INTO Oeuvre VALUES(5116801,'Sweet Thing','Aftermath','12-nov-2021','Single',50000,'Silk Sonic',null);

INSERT INTO Oeuvre VALUES(6362902,'PTX','Evrett Green','22-may-2014','Album',850000,'Pentatonix',null);
INSERT INTO Oeuvre VALUES(7609003,'At Home','Evrett Green','22-may-2014','EP',90000,'Pentatonix',null);
INSERT INTO Oeuvre VALUES(8855104,'Over The River','Evrett Green','16-aug-2021','Single',33550,'Pentatonix',null);

INSERT INTO Oeuvre VALUES(9101205,'Bad Blood','Evrett Green','22-may-2015','Album',491900,'Bastille',null);
INSERT INTO Oeuvre VALUES(1347306,'Haunt','Aftermath','16-oct-2014','EP',900100,'Bastille',null);
INSERT INTO Oeuvre VALUES(2593407,'Happier','Marshemallo','17-aug-2018','Single',1308300,'Bastille',null);

INSERT INTO Oeuvre VALUES(3839508,'What is love ?','Cora Ander','20-nov-2014','Album',171660,'Clean Bandit',null);
INSERT INTO Oeuvre VALUES(5085609,'New Eyes','Cora Ander','09-jul-2018','EP',212480,'Clean Bandit',null);
INSERT INTO Oeuvre VALUES(6331710,'Rockabye','Marshemallo','08-may-2017','Single',25330,'Clean Bandit',null);

INSERT INTO Oeuvre VALUES(6692538,'Californication','Rick Rubin','08-jun-1999','Album',30000000,'RedHotChiliPeppers',null);
INSERT INTO Oeuvre VALUES(3498749,'By the Way','Rick Rubin','08-jul-2002','Album',25000000,'RedHotChiliPeppers',null);
INSERT INTO Oeuvre VALUES(3447379,'Stadium Arcadium','Rick Rubin','05-may-2006','Album',27000000,'RedHotChiliPeppers',null);
INSERT INTO Oeuvre VALUES(8515600,'Dani California','Rick Rubin','05-may-2006','Single',78000,'RedHotChiliPeppers',null);

INSERT INTO Oeuvre VALUES(4471106,'La Cour Des Grands','Pauline Raignault','01-jun-2015','Album',2000000,'BigFloetOli',null);
INSERT INTO Oeuvre VALUES(1987311,'Insolents','Pauline Raignault','19-jun-2020','EP',458000,'BigFloetOli',null);
INSERT INTO Oeuvre VALUES(4906133,'Je suis','Pauline Raignault','16-apr-2016','Single',100000,'BigFloetOli',null);

INSERT INTO Oeuvre VALUES(2227814,'RAMMSTEIN','Rupert Froginson','10-may-2019','Album',18000000,'Rammstein',null);
INSERT INTO Oeuvre VALUES(3286136,'AUSLANDER','Rupert Froginson','08-mar-2019','Single',130000,'Rammstein',null);
INSERT INTO Oeuvre VALUES(5105476,'DEUTSCHLAND','Rupert Froginson','06-feb-2019','Single',121000,'Rammstein',null);

INSERT INTO Oeuvre VALUES(9006219,'Feu','Pauline Raignault','08-jun-2015','Album',12000000,null,'Nekfeu');
INSERT INTO Oeuvre VALUES(5539982,'On verra','Pauline Raignault','12-may-2015','Single',109400,null,'Nekfeu');
INSERT INTO Oeuvre VALUES(5415728,'Ma dope','Pauline Raignault','08-sep-2015','Single',134000,null,'Nekfeu');

INSERT INTO Oeuvre VALUES(9118723,'Civilisation','Pauline Raignault','19-nov-2021','Album',9820000,null,'Orelsan');
INSERT INTO Oeuvre VALUES(2786670,'Basique','Pauline Raignault','20-sep-2017','Single',480000,null,'Orelsan');

INSERT INTO Oeuvre VALUES(5996697,'Thriller','Quincy Jones','30-nov-1982','Album',30000000,null,'Michael Jackson');
INSERT INTO Oeuvre VALUES(5747701,'Number Ones','Quincy Jones','18-nov-2003','EP',23050000,null,'Michael Jackson');
INSERT INTO Oeuvre VALUES(8852530,'Thriller','Quincy Jones','23-jan-1984','Single',890000,null,'Michael Jackson');

INSERT INTO Oeuvre VALUES(0483314,'Life Cartoon Motion','Greg Wells','05-feb-2007','Album',8900000,null,'Mika');
INSERT INTO Oeuvre VALUES(0318821,'Elle me dit','Greg Wells','11-jul-2011','Single',340000,null,'Mika');

INSERT INTO Oeuvre VALUES(9027919,'Le chemin de travers','Greg Wells','17-aug-1979','EP',860000,null,'Francis Cabrel');
INSERT INTO Oeuvre VALUES(1354241,'Fragile','Greg Wells','20-may-1980','EP',340000,null,'Francis Cabrel');

INSERT INTO Oeuvre VALUES
(8754097, 'Bob Dylan', 'John Hammond', '19-mar-1962', 'Album', null, null, 'Bob Dylan');
INSERT INTO Oeuvre VALUES
(6776559, 'My Back Pages', 'Tom Wilson', '08-aug-1964', 'Single', null, null, 'Bob Dylan');


INSERT INTO Oeuvre VALUES
(2014737, 'Man of the Woods', 'Timbaland', '02-feb-2018', 'Album', null, null, 'Justin Timberlake');
INSERT INTO Oeuvre VALUES
(5926317, 'Justin and Christina', null, '01-jul-2003', 'EP', null, null, 'Justin Timberlake');

INSERT INTO Oeuvre VALUES
(5167212, 'My Way', 'Jermaine Dupri', '26-feb-1998', 'Album', 70000000, null, 'Usher');
INSERT INTO Oeuvre VALUES
(2296321, 'Confessions', 'Jermaine Dupri', '22-mar-2004', 'Album', 200000000, null, 'Usher');

INSERT INTO Oeuvre VALUES
(2145173, 'What Now', 'Parker Ighile', '26-aug-2013', 'Single', 40000000, null, 'Rihanna');
INSERT INTO Oeuvre VALUES
(5791964, 'Diamonds', 'StarGate', '27-sep-2012', 'Single', 54190000, null, 'Rihanna');

INSERT INTO Oeuvre VALUES
(8617529, 'One of the Boys', 'Greg Wells', '17-jun-2008', 'Album', null, null, 'Katy Perry');
INSERT INTO Oeuvre VALUES
(2363727, 'Firework', 'Stargate', '03-dec-2010', 'Single', null, null, 'Katy Perry');


INSERT INTO Oeuvre VALUES
(8191712, 'The Rolling Stones', 'Andrew Loog Oldham', '16-apr-1964', 'Album', 5000000, 'The Rolling Stones',null);
INSERT INTO Oeuvre VALUES
(4347761, 'The Rolling Stones No. 2', 'Andrew Loog Oldham', '15-jan-1965', 'Album', 5000000,'The Rolling Stones',null);

INSERT INTO Oeuvre VALUES
(1705470, 'Wild Side', null, '27-nov-2019', 'Single', null, 'ALI',null);
INSERT INTO Oeuvre VALUES
(2856706, 'Lost in Paradise', null, '25-nov-2020', 'Single', null, 'ALI', null);

INSERT INTO Oeuvre VALUES
(8195684, 'Warriors', null, '17-sep-2014', 'Single', null, 'Imagine Dragons', null);
INSERT INTO Oeuvre VALUES
(1374480, 'Enemy', null, '28-oct-2021', 'Single', null, 'Imagine Dragons', null);



/*MORCEAU*/

INSERT INTO Morceau VALUES('Cotton Candy',167);
INSERT INTO Morceau VALUES('Strawberry Lipstick',163);
INSERT INTO Morceau VALUES('Parents',171);
INSERT INTO Morceau VALUES('braindead',167);
INSERT INTO Morceau VALUES('casual sabotage',189);
INSERT INTO Morceau VALUES('11 Minutes',240);
INSERT INTO Morceau VALUES('Angels like You',196);
INSERT INTO Morceau VALUES('Prisoner',169);
INSERT INTO Morceau VALUES('Cattitude',223);
INSERT INTO Morceau VALUES('Mother s Daughter',189);
INSERT INTO Morceau VALUES('Wrecking Ball',221);
INSERT INTO Morceau VALUES('Toxic',167);
INSERT INTO Morceau VALUES('Daisy',146);
INSERT INTO Morceau VALUES('Slumber Party',180);
INSERT INTO Morceau VALUES('Nice Girl',159);
INSERT INTO Morceau VALUES('Invitation',159);
INSERT INTO Morceau VALUES('Maggots',184);
INSERT INTO Morceau VALUES('Starboy',230);
INSERT INTO Morceau VALUES('Reminder',210);
INSERT INTO Morceau VALUES('Rockin',232);
INSERT INTO Morceau VALUES('Alone Again',250);
INSERT INTO Morceau VALUES('Too Late',239);
INSERT INTO Morceau VALUES('Save Your Tears',191);
INSERT INTO Morceau VALUES('Personal',152);
INSERT INTO Morceau VALUES('NGL',209);
INSERT INTO Morceau VALUES('Blue',202);
INSERT INTO Morceau VALUES('Girlfriend',203);
INSERT INTO Morceau VALUES('Friday',176);
INSERT INTO Morceau VALUES('Woman',189);
INSERT INTO Morceau VALUES('Need to Know',165);
INSERT INTO Morceau VALUES('You Right',205);
INSERT INTO Morceau VALUES('Rules',360);
INSERT INTO Morceau VALUES('Say So',289);
INSERT INTO Morceau VALUES('Kiss Me More',180);
INSERT INTO Morceau VALUES('Void',166);
INSERT INTO Morceau VALUES('Dead Right Now',186);
INSERT INTO Morceau VALUES('Scoop',159);
INSERT INTO Morceau VALUES('Old Town Road',209);
INSERT INTO Morceau VALUES('Call Me By Your Name',300);
INSERT INTO Morceau VALUES('7 Rings',156);
INSERT INTO Morceau VALUES('Thank U Next',145);
INSERT INTO Morceau VALUES('Break Up',250);
INSERT INTO Morceau VALUES('Bang Bang',230);
INSERT INTO Morceau VALUES('Break Free',240);
INSERT INTO Morceau VALUES('Don t look up',158);
INSERT INTO Morceau VALUES('Coraline',123);
INSERT INTO Morceau VALUES('Beggin',145);
INSERT INTO Morceau VALUES('I wanna be ur slave',126);
INSERT INTO Morceau VALUES('Fly As Me',420);
INSERT INTO Morceau VALUES('Intro',455);
INSERT INTO Morceau VALUES('Sweet Thing',123);
INSERT INTO Morceau VALUES('Problem',254);
INSERT INTO Morceau VALUES('Rather Be',185);
INSERT INTO Morceau VALUES('Papaoutai',163);
INSERT INTO Morceau VALUES('Home',256);
INSERT INTO Morceau VALUES('Break My Heart',245);
INSERT INTO Morceau VALUES('Over The River',452);
INSERT INTO Morceau VALUES('Pompeii',165);
INSERT INTO Morceau VALUES('Bad Blood',120);
INSERT INTO Morceau VALUES('These Streets',75);
INSERT INTO Morceau VALUES('Haunt',156);
INSERT INTO Morceau VALUES('Get Home',123);
INSERT INTO Morceau VALUES('Happier',147);
INSERT INTO Morceau VALUES('Symphony',148);
INSERT INTO Morceau VALUES('Baby',256);
INSERT INTO Morceau VALUES('Solo',286);
INSERT INTO Morceau VALUES('Birch',600);
INSERT INTO Morceau VALUES('A+E',300);
INSERT INTO Morceau VALUES('Rockabye',126);
INSERT INTO Morceau VALUES('Around The World',238);
INSERT INTO Morceau VALUES('Parallel Universe',269);
INSERT INTO Morceau VALUES('Scar Tissue',215);
INSERT INTO Morceau VALUES('Otherside',255);
INSERT INTO Morceau VALUES('Get on Top',198);
INSERT INTO Morceau VALUES('Californication',329);
INSERT INTO Morceau VALUES('Easily',231);
INSERT INTO Morceau VALUES('Porcelain',163);
INSERT INTO Morceau VALUES('Emit Remmus',240);
INSERT INTO Morceau VALUES('I Like Dirt',157);
INSERT INTO Morceau VALUES('This Velvet Glove',225);
INSERT INTO Morceau VALUES('Savior',292);
INSERT INTO Morceau VALUES('Purple Stain',253);
INSERT INTO Morceau VALUES('Right on Time',112);
INSERT INTO Morceau VALUES('Road Trippin',204);
INSERT INTO Morceau VALUES('By The Way',216);
INSERT INTO Morceau VALUES('Universally Speaking',256);
INSERT INTO Morceau VALUES('This Is the Place',257);
INSERT INTO Morceau VALUES('Dosed',311);
INSERT INTO Morceau VALUES('Dont Forget Me',277);
INSERT INTO Morceau VALUES('The Zephyr Song',231);
INSERT INTO Morceau VALUES('Cant Stop',269);
INSERT INTO Morceau VALUES('I Could Die for You',192);
INSERT INTO Morceau VALUES('Midnight',295);
INSERT INTO Morceau VALUES('Throw Away Your TV',224);
INSERT INTO Morceau VALUES('Cabron',218);
INSERT INTO Morceau VALUES('Tear',317);
INSERT INTO Morceau VALUES('On Mercury',207);
INSERT INTO Morceau VALUES('Minor Thing',217);
INSERT INTO Morceau VALUES('Warm Tape',255);
INSERT INTO Morceau VALUES('Venice Queen',367);
INSERT INTO Morceau VALUES('Dani California',282);
INSERT INTO Morceau VALUES('Snow (Hey Oh)',334);
INSERT INTO Morceau VALUES('Charlie',277);
INSERT INTO Morceau VALUES('Stadium Arcadium',314);
INSERT INTO Morceau VALUES('Hump de Bump',213);
INSERT INTO Morceau VALUES('She is only 18',205);
INSERT INTO Morceau VALUES('Slow Cheetah',319);
INSERT INTO Morceau VALUES('Torture Me',224);
INSERT INTO Morceau VALUES('Strip My Mind',259);
INSERT INTO Morceau VALUES('EspeciallyinMichigan',240);
INSERT INTO Morceau VALUES('Warlocks',205);
INSERT INTO Morceau VALUES('Come on Girl',228);
INSERT INTO Morceau VALUES('Wet Sand',309);
INSERT INTO Morceau VALUES('Hey',339);
INSERT INTO Morceau VALUES('La Cour Des Grands',284);
INSERT INTO Morceau VALUES('Comme dhab',244);
INSERT INTO Morceau VALUES('Le bouchon',278);
INSERT INTO Morceau VALUES('Marco',228);
INSERT INTO Morceau VALUES('Jattends la vague',249);
INSERT INTO Morceau VALUES('Raccroche',218);
INSERT INTO Morceau VALUES('Le cordon',257);
INSERT INTO Morceau VALUES('Aujourdhui',222);
INSERT INTO Morceau VALUES('Ca coute rien',188);
INSERT INTO Morceau VALUES('Le bijoutier',246);
INSERT INTO Morceau VALUES('Nous aussi',299);
INSERT INTO Morceau VALUES('Nik ta mere',300);
INSERT INTO Morceau VALUES('Le philosophe sans la barbe',241);
INSERT INTO Morceau VALUES('Miroir',252);
INSERT INTO Morceau VALUES('Cest pas du rap...',253);
INSERT INTO Morceau VALUES('Insolent 1',243);
INSERT INTO Morceau VALUES('Insolent 2',229);
INSERT INTO Morceau VALUES('Insolent 3',260);
INSERT INTO Morceau VALUES('Insolent 4',226);
INSERT INTO Morceau VALUES('Je suis',226);
INSERT INTO Morceau VALUES('DEUTSCHLAND',322);
INSERT INTO Morceau VALUES('RADIO',277);
INSERT INTO Morceau VALUES('ZEIG DICH',255);
INSERT INTO Morceau VALUES('AUSLANDER',231);
INSERT INTO Morceau VALUES('SEX',236);
INSERT INTO Morceau VALUES('PUPPE',273);
INSERT INTO Morceau VALUES('WAS ICH LIEBE',269);
INSERT INTO Morceau VALUES('DIAMANT',154);
INSERT INTO Morceau VALUES('WEIT WEG',460);
INSERT INTO Morceau VALUES('TATTOO',451);
INSERT INTO Morceau VALUES('HALLOMANN',451);
INSERT INTO Morceau VALUES('Martin Eden',395);
INSERT INTO Morceau VALUES('Mon ame',266);
INSERT INTO Morceau VALUES('Le horla',219);
INSERT INTO Morceau VALUES('Nique les clones, Pt.II',224);
INSERT INTO Morceau VALUES('Reve davoir des reves',396);
INSERT INTO Morceau VALUES('Tempete',197);
INSERT INTO Morceau VALUES('Egerie',210);
INSERT INTO Morceau VALUES('Reuf',327);
INSERT INTO Morceau VALUES('La moue des morts',272);
INSERT INTO Morceau VALUES('Laisse aller',273);
INSERT INTO Morceau VALUES('On verra',211);
INSERT INTO Morceau VALUES('Ma dope',227);
INSERT INTO Morceau VALUES('Jeux dombres',228);
INSERT INTO Morceau VALUES('Elle en avait envie',207);
INSERT INTO Morceau VALUES('Princesse',265);
INSERT INTO Morceau VALUES('Risibles amours',526);
INSERT INTO Morceau VALUES('Point dinterrogation',219);
INSERT INTO Morceau VALUES('Etre humain',290);
INSERT INTO Morceau VALUES('Shonen',153);
INSERT INTO Morceau VALUES('La Quete',244);
INSERT INTO Morceau VALUES('Du propre',227);
INSERT INTO Morceau VALUES('Bebeboa',182);
INSERT INTO Morceau VALUES('Reve mieux',224);
INSERT INTO Morceau VALUES('Seul avec du monde',208);
INSERT INTO Morceau VALUES('Manifeste',442);
INSERT INTO Morceau VALUES('Odeur de lessence',282);
INSERT INTO Morceau VALUES('Jour meilleur',181);
INSERT INTO Morceau VALUES('Baise le monde',225);
INSERT INTO Morceau VALUES('Casseurs Flowters 2',188);
INSERT INTO Morceau VALUES('Dernier verre',203);
INSERT INTO Morceau VALUES('Ensemble',283);
INSERT INTO Morceau VALUES('Athena',172);
INSERT INTO Morceau VALUES('Civilisation',245);
INSERT INTO Morceau VALUES('Wanna be startin',363);
INSERT INTO Morceau VALUES('Basique',363);
INSERT INTO Morceau VALUES('Baby be mine',260);
INSERT INTO Morceau VALUES('The Girl Is Mine',222);
INSERT INTO Morceau VALUES('Thriller',357);
INSERT INTO Morceau VALUES('Beat It',258);
INSERT INTO Morceau VALUES('Billie Jean',294);
INSERT INTO Morceau VALUES('Human Nature',246);
INSERT INTO Morceau VALUES('P.Y.T',239);
INSERT INTO Morceau VALUES('The Lady In My Life',300);
INSERT INTO Morceau VALUES('Bad',246);
INSERT INTO Morceau VALUES('Smooth Criminal',257);
INSERT INTO Morceau VALUES('Grace Kelly',187);
INSERT INTO Morceau VALUES('lollipop',183);
INSERT INTO Morceau VALUES('My interpretation',215);
INSERT INTO Morceau VALUES('Love Today',235);
INSERT INTO Morceau VALUES('Relax,Take It Easy',270);
INSERT INTO Morceau VALUES('Any Other World',259);
INSERT INTO Morceau VALUES('Billy Brown',194);
INSERT INTO Morceau VALUES('Big Girl',248);
INSERT INTO Morceau VALUES('Stuck In The Middle',248);
INSERT INTO Morceau VALUES('Happy Ending',273);
INSERT INTO Morceau VALUES('Elle me dit',219);
INSERT INTO Morceau VALUES('Je laime a mourir',164);
INSERT INTO Morceau VALUES('La corrida',342);
INSERT INTO Morceau VALUES('Je reve',200);
INSERT INTO Morceau VALUES('Les voisins',183);
INSERT INTO Morceau VALUES('Encore et encore',273);
INSERT INTO Morceau VALUES('Encre de tes yeux',187);
INSERT INTO Morceau VALUES('Cest ecrit',353);
INSERT INTO Morceau VALUES('Plus personne',201);
INSERT INTO Morceau VALUES('Cool papa cool',174);
INSERT INTO Morceau VALUES('Derniere chanson',182);
INSERT INTO Morceau VALUES
('Mixed-Up Confusion', 150);
INSERT INTO Morceau VALUES
('Rock On John', 196);
INSERT INTO Morceau VALUES
('Hard Times In NY', 152);
INSERT INTO Morceau VALUES
('Stealin Stealin', 204);
INSERT INTO Morceau VALUES
('Omie Wise', 242);
INSERT INTO Morceau VALUES
('Filthy', 293);
INSERT INTO Morceau VALUES
('Sauce', 245);
INSERT INTO Morceau VALUES
('Man of the Woods', 243);
INSERT INTO Morceau VALUES
('Higher Higher', 258);
INSERT INTO Morceau VALUES
('Wave', 264);
INSERT INTO Morceau VALUES
('You Make Me Wanna...', 219);
INSERT INTO Morceau VALUES
('Just Like Me', 207);
INSERT INTO Morceau VALUES
('Nice and Slow', 227);
INSERT INTO Morceau VALUES
('Slow Jam', 283);
INSERT INTO Morceau VALUES
('Come Back', 227);
INSERT INTO Morceau VALUES
('I Will', 234);
INSERT INTO Morceau VALUES
('Bedtime', 285);
INSERT INTO Morceau VALUES
('1 Day Youll Be Mine', 204);
INSERT INTO Morceau VALUES
('Intro', 46);
INSERT INTO Morceau VALUES
('Yeah!', 250);
INSERT INTO Morceau VALUES
('Throwback', 241);
INSERT INTO Morceau VALUES
('Confessions (Inter)', 75);
INSERT INTO Morceau VALUES
('Confessions Part II', 229);
INSERT INTO Morceau VALUES
('Burn', 255);
INSERT INTO Morceau VALUES
('Caught Up', 224);
INSERT INTO Morceau VALUES
('Superstar (Inter)', 64);
INSERT INTO Morceau VALUES
('Superstar', 208);
INSERT INTO Morceau VALUES
('Truth Hurts', 231);
INSERT INTO Morceau VALUES
('Simple Things', 297);
INSERT INTO Morceau VALUES
('Bad Girl', 261);
INSERT INTO Morceau VALUES
('Can U Handle It?', 345);
INSERT INTO Morceau VALUES
('Do It To Me', 233);
INSERT INTO Morceau VALUES
('Take Your Hand', 183);
INSERT INTO Morceau VALUES
('Follow Me', 211);
INSERT INTO Morceau VALUES
('One of the Boys', 249);
INSERT INTO Morceau VALUES
('I Kissed a Girl', 181);
INSERT INTO Morceau VALUES
('Waking Up in Vegas', 204);
INSERT INTO Morceau VALUES
('Thinking of You', 249);
INSERT INTO Morceau VALUES
('Mannequin', 199);
INSERT INTO Morceau VALUES
('Ur So Gay', 219);
INSERT INTO Morceau VALUES
('Hot n Cold', 222);
INSERT INTO Morceau VALUES
('If You Can Afford Me', 201);
INSERT INTO Morceau VALUES
('Lost', 258);
INSERT INTO Morceau VALUES
('Self Inflicted', 207);
INSERT INTO Morceau VALUES
('I m Still Breathing', 228);
INSERT INTO Morceau VALUES
('Fingerprints', 224);

INSERT INTO Morceau VALUES
('Route 66', 140);
INSERT INTO Morceau VALUES
('I Jus Wan Mak Lov U', 137);
INSERT INTO Morceau VALUES
('Honest I Do', 129);
INSERT INTO Morceau VALUES
('Mona', 213);
INSERT INTO Morceau VALUES
('Now Ive Got Witness', 149);
INSERT INTO Morceau VALUES
('Little by Little', 159);
INSERT INTO Morceau VALUES
('Im a King Bee', 155);
INSERT INTO Morceau VALUES
('Carol', 153);
INSERT INTO Morceau VALUES
('Tell Me', 245);
INSERT INTO Morceau VALUES
('You Can Make It', 121);
INSERT INTO Morceau VALUES
('Walking the Dog', 190);
INSERT INTO Morceau VALUES
('Everyone Needs', 303);
INSERT INTO Morceau VALUES
('Down Home Girl', 251);
INSERT INTO Morceau VALUES
('You Cant Catch Me', 218);
INSERT INTO Morceau VALUES
('Time Is on my Side', 178);
INSERT INTO Morceau VALUES
('What a Shame', 183);
INSERT INTO Morceau VALUES
('Grown Up Wrong', 110);
INSERT INTO Morceau VALUES
('Down the Road Apiece', 175);
INSERT INTO Morceau VALUES
('Under the Boardwalk', 166);
INSERT INTO Morceau VALUES
('I Cant Be Satisfied', 206);
INSERT INTO Morceau VALUES
('Pain in My Heart', 131);
INSERT INTO Morceau VALUES
('Off the Hook', 153);
INSERT INTO Morceau VALUES
('Susie Q', 110);


/*PISTE OEUVRE*/

INSERT INTO PisteOeuvre VALUES(1,'Cotton Candy',2055980);
INSERT INTO PisteOeuvre VALUES(2,'Strawberry Lipstick',2055980);
INSERT INTO PisteOeuvre VALUES(3,'Parents',2055980);
INSERT INTO PisteOeuvre VALUES(1,'braindead',8141206);
INSERT INTO PisteOeuvre VALUES(2,'casual sabotage',8141206);
INSERT INTO PisteOeuvre VALUES(1,'11 Minutes',8522670);

INSERT INTO PisteOeuvre VALUES(1,'Angels like You',7387512);
INSERT INTO PisteOeuvre VALUES(1,'Prisoner',7387512);
INSERT INTO PisteOeuvre VALUES(3,'Midnight Sky',7387512);
INSERT INTO PisteOeuvre VALUES(1,'Cattitude',6663065);
INSERT INTO PisteOeuvre VALUES(2,'Mother s Daughter',6663065);
INSERT INTO PisteOeuvre VALUES(1,'Wrecking Ball',1692907);

INSERT INTO PisteOeuvre VALUES(1,'Toxic',3396881);
INSERT INTO PisteOeuvre VALUES(2,'Daisy',3396881);
INSERT INTO PisteOeuvre VALUES(3,'Slumber Party',3396881);
INSERT INTO PisteOeuvre VALUES(1,'Nice Girl',8318197);
INSERT INTO PisteOeuvre VALUES(2,'Invitation',8318197);
INSERT INTO PisteOeuvre VALUES(1,'Maggots',2721185);


INSERT INTO PisteOeuvre VALUES(1,'Starboy',3429202);
INSERT INTO PisteOeuvre VALUES(2,'Reminder',3429202);
INSERT INTO PisteOeuvre VALUES(3,'Rockin',3429202);
INSERT INTO PisteOeuvre VALUES(1,'Alone Again',4888152);
INSERT INTO PisteOeuvre VALUES(2,'Too Late',4888152);
INSERT INTO PisteOeuvre VALUES(1,'Save Your Tears',8573224);

INSERT INTO PisteOeuvre VALUES(1,'Personal',9064079);
INSERT INTO PisteOeuvre VALUES(2,'NGL',9064079);
INSERT INTO PisteOeuvre VALUES(3,'Blue',9064079);
INSERT INTO PisteOeuvre VALUES(1,'Girlfriend',9674082);
INSERT INTO PisteOeuvre VALUES(1,'Friday',2753467);

INSERT INTO PisteOeuvre VALUES(1,'Woman',8156047);
INSERT INTO PisteOeuvre VALUES(2,'Need to Know',8156047);
INSERT INTO PisteOeuvre VALUES(3,'You Right',8156047);
INSERT INTO PisteOeuvre VALUES(1,'Rules',8301070);
INSERT INTO PisteOeuvre VALUES(2,'Say So',8301070);
INSERT INTO PisteOeuvre VALUES(1,'Kiss Me More',8423917);

INSERT INTO PisteOeuvre VALUES(1,'Void',6534088);
INSERT INTO PisteOeuvre VALUES(2,'Dead Right Now',6534088);
INSERT INTO PisteOeuvre VALUES(3,'Scoop',6534088);
INSERT INTO PisteOeuvre VALUES(1,'Old Town Road',4086990);
INSERT INTO PisteOeuvre VALUES(1,'Call Me By Your Name',5632988);

INSERT INTO PisteOeuvre VALUES(1,'7 Rings',206595);
INSERT INTO PisteOeuvre VALUES(2,'Thank U Next',206595);
INSERT INTO PisteOeuvre VALUES(3,'Break Up',206595);
INSERT INTO PisteOeuvre VALUES(1,'Bang Bang',3605906);
INSERT INTO PisteOeuvre VALUES(2,'Break Free',3605906);
INSERT INTO PisteOeuvre VALUES(1,'Don t look up',2359805);

INSERT INTO PisteOeuvre VALUES(1,'Coraline',1113704);
INSERT INTO PisteOeuvre VALUES(1,'Beggin',1323972);
INSERT INTO PisteOeuvre VALUES(1,'I wanna be ur slave',9137849);

INSERT INTO PisteOeuvre VALUES(1,'Fly As Me',2624599);
INSERT INTO PisteOeuvre VALUES(2,'Intro',2624599);
INSERT INTO PisteOeuvre VALUES(1,'Sweet Thing',5116801);

INSERT INTO PisteOeuvre VALUES(1,'Problem',6362902);
INSERT INTO PisteOeuvre VALUES(2,'Rather Be',6362902);
INSERT INTO PisteOeuvre VALUES(3,'Papaoutai',6362902);
INSERT INTO PisteOeuvre VALUES(1,'Home',7609003);
INSERT INTO PisteOeuvre VALUES(2,'Break My Heart',7609003);
INSERT INTO PisteOeuvre VALUES(1,'Over The River',8855104);

INSERT INTO PisteOeuvre VALUES(1,'Pompeii',9101205);
INSERT INTO PisteOeuvre VALUES(2,'Bad Blood',9101205);
INSERT INTO PisteOeuvre VALUES(3,'These Streets',9101205);
INSERT INTO PisteOeuvre VALUES(1,'Haunt',1347306);
INSERT INTO PisteOeuvre VALUES(2,'Get Home',1347306);
INSERT INTO PisteOeuvre VALUES(1,'Happier',2593407);

INSERT INTO PisteOeuvre VALUES(1,'Symphony',3839508);
INSERT INTO PisteOeuvre VALUES(2,'Baby',3839508);
INSERT INTO PisteOeuvre VALUES(3,'Solo',3839508);
INSERT INTO PisteOeuvre VALUES(1,'Birch',5085609);
INSERT INTO PisteOeuvre VALUES(2,'A+E',5085609);
INSERT INTO PisteOeuvre VALUES(1,'Rockabye',6331710);

INSERT INTO PisteOeuvre VALUES(1,'Around The World',6692538);
INSERT INTO PisteOeuvre VALUES(2,'Parallel Universe',6692538);
INSERT INTO PisteOeuvre VALUES(3,'Scar Tissue',6692538);
INSERT INTO PisteOeuvre VALUES(4,'Otherside',6692538);
INSERT INTO PisteOeuvre VALUES(5,'Get on Top',6692538);
INSERT INTO PisteOeuvre VALUES(6,'Californication',6692538);
INSERT INTO PisteOeuvre VALUES(7,'Easily',6692538);
INSERT INTO PisteOeuvre VALUES(8,'Porcelain',6692538);
INSERT INTO PisteOeuvre VALUES(9,'Emit Remmus',6692538);
INSERT INTO PisteOeuvre VALUES(10,'I Like Dirt',6692538);
INSERT INTO PisteOeuvre VALUES(11,'This Velvet Glove',6692538);
INSERT INTO PisteOeuvre VALUES(12,'Savior',6692538);
INSERT INTO PisteOeuvre VALUES(13,'Purple Stain',6692538);
INSERT INTO PisteOeuvre VALUES(14,'Right on Time',6692538);
INSERT INTO PisteOeuvre VALUES(15,'Road Trippin',6692538);

INSERT INTO PisteOeuvre VALUES(1,'By The Way',3498749);
INSERT INTO PisteOeuvre VALUES(2,'Universally Speaking',3498749);
INSERT INTO PisteOeuvre VALUES(3,'This Is the Place',3498749);
INSERT INTO PisteOeuvre VALUES(4,'Dosed',3498749);
INSERT INTO PisteOeuvre VALUES(5,'Dont Forget Me',3498749);
INSERT INTO PisteOeuvre VALUES(6,'The Zephyr Song',3498749);
INSERT INTO PisteOeuvre VALUES(7,'Cant Stop',3498749);
INSERT INTO PisteOeuvre VALUES(8,'I Could Die for You',3498749);
INSERT INTO PisteOeuvre VALUES(9,'Midnight',3498749);
INSERT INTO PisteOeuvre VALUES(10,'Throw Away Your TV',3498749);
INSERT INTO PisteOeuvre VALUES(11,'Cabron',3498749);
INSERT INTO PisteOeuvre VALUES(12,'Tear',3498749);
INSERT INTO PisteOeuvre VALUES(13,'On Mercury',3498749);
INSERT INTO PisteOeuvre VALUES(14,'Minor Thing',3498749);
INSERT INTO PisteOeuvre VALUES(15,'Warm Tape',3498749);
INSERT INTO PisteOeuvre VALUES(16,'Venice Queen',3498749);

INSERT INTO PisteOeuvre VALUES(1,'Dani California',3447379);
INSERT INTO PisteOeuvre VALUES(2,'Snow (Hey Oh)',3447379);
INSERT INTO PisteOeuvre VALUES(3,'Charlie',3447379);
INSERT INTO PisteOeuvre VALUES(4,'Stadium Arcadium',3447379);
INSERT INTO PisteOeuvre VALUES(5,'Hump de Bump',3447379);
INSERT INTO PisteOeuvre VALUES(6,'She is only 18',3447379);
INSERT INTO PisteOeuvre VALUES(7,'Slow Cheetah',3447379);
INSERT INTO PisteOeuvre VALUES(8,'Torture Me',3447379);
INSERT INTO PisteOeuvre VALUES(9,'Strip My Mind',3447379);
INSERT INTO PisteOeuvre VALUES(10,'EspeciallyinMichigan',3447379);
INSERT INTO PisteOeuvre VALUES(11,'Warlocks',3447379);
INSERT INTO PisteOeuvre VALUES(12,'Come on Girl',3447379);
INSERT INTO PisteOeuvre VALUES(13,'Wet Sand',3447379);
INSERT INTO PisteOeuvre VALUES(14,'Hey',3447379);

INSERT INTO PisteOeuvre VALUES(1,'Dani California',8515600);

INSERT INTO PisteOeuvre VALUES(1,'La Cour Des Grands',4471106);
INSERT INTO PisteOeuvre VALUES(2,'Comme dhab',4471106);
INSERT INTO PisteOeuvre VALUES(3,'Le bouchon',4471106);
INSERT INTO PisteOeuvre VALUES(4,'Marco',4471106);
INSERT INTO PisteOeuvre VALUES(5,'Jattends la vague',4471106);
INSERT INTO PisteOeuvre VALUES(6,'Raccroche',4471106);
INSERT INTO PisteOeuvre VALUES(7,'Le cordon',4471106);
INSERT INTO PisteOeuvre VALUES(8,'Aujourdhui',4471106);
INSERT INTO PisteOeuvre VALUES(9,'Ca coute rien',4471106);
INSERT INTO PisteOeuvre VALUES(10,'Le bijoutier',4471106);
INSERT INTO PisteOeuvre VALUES(11,'Nous aussi',4471106);
INSERT INTO PisteOeuvre VALUES(12,'Nik ta mere',4471106);
INSERT INTO PisteOeuvre VALUES(13,'Miroir',4471106);
INSERT INTO PisteOeuvre VALUES(14,'Cest pas du rap...',4471106);

INSERT INTO PisteOeuvre VALUES(1,'Insolent 1',1987311);
INSERT INTO PisteOeuvre VALUES(2,'Insolent 2',1987311);
INSERT INTO PisteOeuvre VALUES(3,'Insolent 3',1987311);
INSERT INTO PisteOeuvre VALUES(4,'Insolent 4',1987311);

INSERT INTO PisteOeuvre VALUES(1,'Je suis',4906133);

INSERT INTO PisteOeuvre VALUES(1,'DEUTSCHLAND',2227814);
INSERT INTO PisteOeuvre VALUES(2,'RADIO',2227814);
INSERT INTO PisteOeuvre VALUES(3,'ZEIG DICH',2227814);
INSERT INTO PisteOeuvre VALUES(4,'AUSLANDER',2227814);
INSERT INTO PisteOeuvre VALUES(5,'SEX',2227814);
INSERT INTO PisteOeuvre VALUES(6,'PUPPE',2227814);
INSERT INTO PisteOeuvre VALUES(7,'WAS ICH LIEBE',2227814);
INSERT INTO PisteOeuvre VALUES(8,'DIAMANT',2227814);
INSERT INTO PisteOeuvre VALUES(9,'WEIT WEG',2227814);
INSERT INTO PisteOeuvre VALUES(10,'TATTOO',2227814);
INSERT INTO PisteOeuvre VALUES(11,'HALLOMANN',2227814);

INSERT INTO PisteOeuvre VALUES(1,'AUSLANDER',3286136);

INSERT INTO PisteOeuvre VALUES(1,'DEUTSCHLAND',5105476);

INSERT INTO PisteOeuvre VALUES(1,'Martin Eden',9006219);
INSERT INTO PisteOeuvre VALUES(2,'Mon ame',9006219);
INSERT INTO PisteOeuvre VALUES(3,'Le horla',9006219);
INSERT INTO PisteOeuvre VALUES(4,'Nique les clones, Pt.II',9006219);
INSERT INTO PisteOeuvre VALUES(5,'Reve davoir des reves',9006219);
INSERT INTO PisteOeuvre VALUES(6,'Tempete',9006219);
INSERT INTO PisteOeuvre VALUES(7,'Egerie',9006219);
INSERT INTO PisteOeuvre VALUES(8,'Reuf',9006219);
INSERT INTO PisteOeuvre VALUES(9,'La moue des morts',9006219);
INSERT INTO PisteOeuvre VALUES(10,'Laisse aller',9006219);
INSERT INTO PisteOeuvre VALUES(11,'On verra',9006219);
INSERT INTO PisteOeuvre VALUES(12,'Ma dope',9006219);
INSERT INTO PisteOeuvre VALUES(13,'Jeux dombres',9006219);
INSERT INTO PisteOeuvre VALUES(14,'Elle en avait envie',9006219);
INSERT INTO PisteOeuvre VALUES(15,'Princesse',9006219);
INSERT INTO PisteOeuvre VALUES(16,'Risibles amours',9006219);
INSERT INTO PisteOeuvre VALUES(17,'Point dinterrogation',9006219);
INSERT INTO PisteOeuvre VALUES(18,'Etre humain',9006219);

INSERT INTO PisteOeuvre VALUES(1,'On verra',5539982);

INSERT INTO PisteOeuvre VALUES(1,'Ma dope',5415728);

INSERT INTO PisteOeuvre VALUES(1,'Shonen',9118723);
INSERT INTO PisteOeuvre VALUES(2,'La Quete',9118723);
INSERT INTO PisteOeuvre VALUES(3,'Du propre',9118723);
INSERT INTO PisteOeuvre VALUES(4,'Bebeboa',9118723);
INSERT INTO PisteOeuvre VALUES(5,'Reve mieux',9118723);
INSERT INTO PisteOeuvre VALUES(6,'Seul avec du monde',9118723);
INSERT INTO PisteOeuvre VALUES(7,'Manifeste',9118723);
INSERT INTO PisteOeuvre VALUES(8,'Odeur de lessence',9118723);
INSERT INTO PisteOeuvre VALUES(9,'Jour meilleur',9118723);
INSERT INTO PisteOeuvre VALUES(10,'Baise le monde',9118723);
INSERT INTO PisteOeuvre VALUES(11,'Casseurs Flowters 2',9118723);
INSERT INTO PisteOeuvre VALUES(12,'Dernier verre',9118723);
INSERT INTO PisteOeuvre VALUES(13,'Ensemble',9118723);
INSERT INTO PisteOeuvre VALUES(14,'Athena',9118723);
INSERT INTO PisteOeuvre VALUES(15,'Civilisation',9118723);

INSERT INTO PisteOeuvre VALUES(1,'Basique',2786670);

INSERT INTO PisteOeuvre VALUES(1,'Wanna be startin',5996697);
INSERT INTO PisteOeuvre VALUES(2,'Baby be mine',5996697);
INSERT INTO PisteOeuvre VALUES(3,'The Girl Is Mine',5996697);
INSERT INTO PisteOeuvre VALUES(4,'Thriller',5996697);
INSERT INTO PisteOeuvre VALUES(5,'Beat It',5996697);
INSERT INTO PisteOeuvre VALUES(6,'Billie Jean',5996697);
INSERT INTO PisteOeuvre VALUES(7,'Human Nature',5996697);
INSERT INTO PisteOeuvre VALUES(8,'P.Y.T',5996697);
INSERT INTO PisteOeuvre VALUES(9,'The Lady In My Life',5996697);

INSERT INTO PisteOeuvre VALUES(1,'Bad',5747701);
INSERT INTO PisteOeuvre VALUES(2,'Smooth Criminal',5747701);
INSERT INTO PisteOeuvre VALUES(3,'Thriller',5747701);
INSERT INTO PisteOeuvre VALUES(4,'Beat It',5747701);
INSERT INTO PisteOeuvre VALUES(5,'Billie Jean',5747701);

INSERT INTO PisteOeuvre VALUES(1,'Thriller',8852530);

INSERT INTO PisteOeuvre VALUES(1,'Grace Kelly',0483314);
INSERT INTO PisteOeuvre VALUES(2,'lollipop',0483314);
INSERT INTO PisteOeuvre VALUES(3,'My interpretation',0483314);
INSERT INTO PisteOeuvre VALUES(4,'Love Today',0483314);
INSERT INTO PisteOeuvre VALUES(5,'Relax,Take It Easy',0483314);
INSERT INTO PisteOeuvre VALUES(6,'Any Other World',0483314);
INSERT INTO PisteOeuvre VALUES(7,'Billy Brown',0483314);
INSERT INTO PisteOeuvre VALUES(8,'Big Girl',0483314);
INSERT INTO PisteOeuvre VALUES(9,'Stuck In The Middle',0483314);
INSERT INTO PisteOeuvre VALUES(10,'Happy Ending',0483314);

INSERT INTO PisteOeuvre VALUES(1,'Elle me dit',0318821);

INSERT INTO PisteOeuvre VALUES(1,'Je laime a mourir',9027919);
INSERT INTO PisteOeuvre VALUES(2,'La corrida',9027919);
INSERT INTO PisteOeuvre VALUES(3,'Je reve',9027919);
INSERT INTO PisteOeuvre VALUES(4,'Les voisins',9027919);
INSERT INTO PisteOeuvre VALUES(5,'Encore et encore',9027919);

INSERT INTO PisteOeuvre VALUES(1,'Encre de tes yeux',1354241);
INSERT INTO PisteOeuvre VALUES(2,'Cest ecrit',1354241);
INSERT INTO PisteOeuvre VALUES(3,'Plus personne',1354241);
INSERT INTO PisteOeuvre VALUES(4,'Cool papa cool',1354241);
INSERT INTO PisteOeuvre VALUES(5,'Derniere chanson',1354241);

INSERT INTO PisteOeuvre VALUES
(1, 'Mixed-Up Confusion', 8754097);
INSERT INTO PisteOeuvre VALUES
(2, 'Rock On John', 8754097);
INSERT INTO PisteOeuvre VALUES
(3, 'Hard Times In NY', 8754097);
INSERT INTO PisteOeuvre VALUES
(4, 'Stealin Stealin', 8754097);
INSERT INTO PisteOeuvre VALUES
(5, 'Omie Wise', 8754097);

INSERT INTO PisteOeuvre VALUES
(1, 'Filthy', 2014737);
INSERT INTO PisteOeuvre VALUES
(2, 'Sauce', 2014737);
INSERT INTO PisteOeuvre VALUES
(3, 'Man of the Woods', 2014737);
INSERT INTO PisteOeuvre VALUES
(4, 'Higher Higher', 2014737);
INSERT INTO PisteOeuvre VALUES
(5, 'Wave', 2014737);

INSERT INTO PisteOeuvre VALUES
(1, 'You Make Me Wanna...', 5167212);
INSERT INTO PisteOeuvre VALUES
(2, 'Just Like Me', 5167212);
INSERT INTO PisteOeuvre VALUES
(3, 'Nice and Slow', 5167212);
INSERT INTO PisteOeuvre VALUES
(4, 'Slow Jam', 5167212);
INSERT INTO PisteOeuvre VALUES
(5, 'Come Back', 5167212);
INSERT INTO PisteOeuvre VALUES
(6, 'I Will', 5167212);
INSERT INTO PisteOeuvre VALUES
(7, 'Bedtime', 5167212);
INSERT INTO PisteOeuvre VALUES
(8, '1 Day Youll Be Mine', 5167212);

INSERT INTO PisteOeuvre VALUES
(1, 'Intro', 2296321);
INSERT INTO PisteOeuvre VALUES
(2, 'Yeah!', 2296321);
INSERT INTO PisteOeuvre VALUES
(3, 'Throwback', 2296321);
INSERT INTO PisteOeuvre VALUES
(4, 'Confessions (Inter)', 2296321);
INSERT INTO PisteOeuvre VALUES
(5, 'Confessions Part II', 2296321);
INSERT INTO PisteOeuvre VALUES
(6, 'Burn', 2296321);
INSERT INTO PisteOeuvre VALUES
(7, 'Caught Up', 2296321);
INSERT INTO PisteOeuvre VALUES
(8, 'Superstar (Inter)', 2296321);
INSERT INTO PisteOeuvre VALUES
(9, 'Superstar', 2296321);
INSERT INTO PisteOeuvre VALUES
(10, 'Truth Hurts', 2296321);
INSERT INTO PisteOeuvre VALUES
(11, 'Simple Things', 2296321);
INSERT INTO PisteOeuvre VALUES
(12, 'Bad Girl', 2296321);
INSERT INTO PisteOeuvre VALUES
(13, 'Can U Handle It?', 2296321);
INSERT INTO PisteOeuvre VALUES
(14, 'Do It To Me', 2296321);
INSERT INTO PisteOeuvre VALUES
(15, 'Take Your Hand', 2296321);
INSERT INTO PisteOeuvre VALUES
(16, 'Follow Me', 2296321);

INSERT INTO PisteOeuvre VALUES
(1, 'One of the Boys', 8617529);
INSERT INTO PisteOeuvre VALUES
(2, 'I Kissed a Girl', 8617529);
INSERT INTO PisteOeuvre VALUES
(3, 'Waking Up in Vegas', 8617529);
INSERT INTO PisteOeuvre VALUES
(4, 'Thinking of You', 8617529);
INSERT INTO PisteOeuvre VALUES
(5, 'Mannequin', 8617529);
INSERT INTO PisteOeuvre VALUES
(6, 'Ur So Gay', 8617529);
INSERT INTO PisteOeuvre VALUES
(7, 'Hot n Cold', 8617529);
INSERT INTO PisteOeuvre VALUES
(8, 'If You Can Afford Me', 8617529);
INSERT INTO PisteOeuvre VALUES
(9, 'Lost', 8617529);
INSERT INTO PisteOeuvre VALUES
(10, 'Self Inflicted', 8617529);
INSERT INTO PisteOeuvre VALUES
(11, 'I m Still Breathing', 8617529);
INSERT INTO PisteOeuvre VALUES
(12, 'Fingerprints', 8617529);
INSERT INTO PisteOeuvre VALUES(1, 'Route 66', 8191712);
INSERT INTO PisteOeuvre VALUES(2, 'I Jus Wan Mak Lov U', 8191712);
INSERT INTO PisteOeuvre VALUES(3, 'Honest I Do', 8191712);
INSERT INTO PisteOeuvre VALUES(4, 'Mona', 8191712);
INSERT INTO PisteOeuvre VALUES(5, 'Now Ive Got Witness', 8191712);
INSERT INTO PisteOeuvre VALUES(6, 'Little by Little', 8191712);
INSERT INTO PisteOeuvre VALUES(7, 'Im a King Bee', 8191712);
INSERT INTO PisteOeuvre VALUES(8, 'Carol', 8191712);
INSERT INTO PisteOeuvre VALUES(9, 'Tell Me', 8191712);
INSERT INTO PisteOeuvre VALUES(10, 'You Can Make It', 8191712);
INSERT INTO PisteOeuvre VALUES(11, 'Walking the Dog', 8191712);

INSERT INTO PisteOeuvre VALUES(1, 'Everyone Needs', 4347761);
INSERT INTO PisteOeuvre VALUES(2, 'Down Home Girl', 4347761);
INSERT INTO PisteOeuvre VALUES(3, 'You Cant Catch Me', 4347761);
INSERT INTO PisteOeuvre VALUES(4, 'Time Is on my Side', 4347761);
INSERT INTO PisteOeuvre VALUES(5, 'What a Shame', 4347761);
INSERT INTO PisteOeuvre VALUES(6, 'Grown Up Wrong', 4347761);
INSERT INTO PisteOeuvre VALUES(7, 'Down the Road Apiece', 4347761);
INSERT INTO PisteOeuvre VALUES(8, 'Under the Boardwalk', 4347761);
INSERT INTO PisteOeuvre VALUES(9, 'I Cant Be Satisfied', 4347761);
INSERT INTO PisteOeuvre VALUES(10, 'Pain in My Heart', 4347761);
INSERT INTO PisteOeuvre VALUES(11, 'Off the Hook', 4347761);
INSERT INTO PisteOeuvre VALUES(12, 'Susie Q', 4347761);


/*GENRE*/

INSERT INTO Genre VALUES('Rock','05-nov-1950');
INSERT INTO Genre VALUES('Soul','31-dec-1955');
INSERT INTO Genre VALUES('Acapella','05-nov-1700');
INSERT INTO Genre VALUES('Pop','01-mar-1962');
INSERT INTO Genre VALUES('Electronique','20-nov-1980');
INSERT INTO Genre VALUES('Rap','21-apr-1970');
INSERT INTO Genre VALUES('Hyperpop','01-jan-2000');
INSERT INTO Genre VALUES('Alternatif','13-may-2001');
INSERT INTO Genre VALUES('Pop-Rock','05-nov-1950');
INSERT INTO Genre VALUES('Indie Pop','05-nov-2012');
INSERT INTO Genre VALUES
('Funk', '01-jun-1964');
INSERT INTO Genre VALUES
('Jazz', '01-nov-1917');
INSERT INTO Genre VALUES
('Hip-Hop', '01-jan-1971');
INSERT INTO Genre VALUES
('Blues', '01-jan-1900');
INSERT INTO Genre VALUES
('Folk', '01-jan-1900');
INSERT INTO Genre VALUES
('R n B', '01-jan-1983');
INSERT INTO Genre VALUES
('Country', '01-feb-1900');
INSERT INTO Genre VALUES
('Blues rock', '01-sep-1966');
INSERT INTO Genre VALUES
('Rock n roll', '01-oct-1949');
INSERT INTO Genre VALUES
('Electropop', '01-jan-1980');
INSERT INTO Genre VALUES
('Indie rock', '01-apr-1979');
INSERT INTO Genre VALUES
('Dance-pop', '01-jan-1980');
INSERT INTO Genre VALUES
('Rock alternatif', '01-jan-1980');
INSERT INTO Genre VALUES('Metal','05-nov-2015');
INSERT INTO Genre VALUES('Variete','05-nov-2015');




/*PRIX*/

INSERT INTO Prix VALUES('Album de l Annee');
INSERT INTO Prix VALUES('Artiste de l Annee');
INSERT INTO Prix VALUES('Revelation de l Annee');
INSERT INTO Prix VALUES('Artiste Emergeant');
INSERT INTO Prix VALUES('Music Award');
INSERT INTO Prix VALUES('Meilleure Video');
INSERT INTO Prix VALUES('Meilleure Instrumental');
INSERT INTO Prix VALUES('Eurovision');
INSERT INTO Prix VALUES('Prix du disque francais');
INSERT INTO Prix VALUES('Teen Choice Award');
INSERT INTO Prix VALUES('People s Choice Awards');
INSERT INTO Prix VALUES('MTV Video Music Award');
INSERT INTO Prix VALUES('American Music Awards');
INSERT INTO Prix VALUES('Meilleur enregistrement folk');
INSERT INTO Prix VALUES('Meilleure prestation vocale');
INSERT INTO Prix VALUES('Meilleure chanteuse pop');
INSERT INTO Prix VALUES('Album masculin de l annee');
INSERT INTO Prix VALUES('Meilleur clip (R and B/Urban)');
INSERT INTO Prix VALUES('Artiste crossover de l annee');
INSERT INTO Prix VALUES('Best Boy');
INSERT INTO Prix VALUES('Meilleur artiste');
INSERT INTO Prix VALUES('Meilleur artiste feminin');
INSERT INTO Prix VALUES('Groupe de l annee');
INSERT INTO Prix VALUES('Meilleur live etranger');
INSERT INTO Prix VALUES('Meilleur groupe international');
INSERT INTO Prix VALUES('Nouvel artiste de l annee');
INSERT INTO Prix VALUES ('Decouverte urbaine de lannee');
INSERT INTO Prix VALUES ('Meilleur album rock');
INSERT INTO Prix VALUES ('Meilleur groupe metal');
INSERT INTO Prix VALUES ('Single de lannee');
INSERT INTO Prix VALUES ('Meilleur artiste soliste');

/*ARTISTE APPARTIENT AU GENRE*/

INSERT INTO ArtisteAppartientAuGenre VALUES('Rock','YUNGBLUD');
INSERT INTO ArtisteAppartientAuGenre VALUES('Pop-Rock','Miley Cyrus');
INSERT INTO ArtisteAppartientAuGenre VALUES('Alternatif','Ashnikko');
INSERT INTO ArtisteAppartientAuGenre VALUES('Pop','The Weeknd');
INSERT INTO ArtisteAppartientAuGenre VALUES('Hyperpop','Rebecca Black');
INSERT INTO ArtisteAppartientAuGenre VALUES('Rap','Doja Cat');
INSERT INTO ArtisteAppartientAuGenre VALUES('Rap','Lil Nas X');
INSERT INTO ArtisteAppartientAuGenre VALUES('Pop','Ariana Grande');
INSERT INTO ArtisteAppartientAuGenre VALUES('Rock','Damiano David');
INSERT INTO ArtisteAppartientAuGenre VALUES('Rock','Victoria De Angelis');
INSERT INTO ArtisteAppartientAuGenre VALUES('Rock','Thomas Raggi');
INSERT INTO ArtisteAppartientAuGenre VALUES('Rock','Ethan Torchio');
INSERT INTO ArtisteAppartientAuGenre VALUES('Soul','Bruno Mars');
INSERT INTO ArtisteAppartientAuGenre VALUES('Soul','Anderson Paak');
INSERT INTO ArtisteAppartientAuGenre VALUES('Acapella','Kevin Olusola');
INSERT INTO ArtisteAppartientAuGenre VALUES('Acapella','Kirstin Maldonado');
INSERT INTO ArtisteAppartientAuGenre VALUES('Acapella','Mitch Grassi');
INSERT INTO ArtisteAppartientAuGenre VALUES('Acapella','Matthew Sallee');
INSERT INTO ArtisteAppartientAuGenre VALUES('Acapella','Scott Hoying');
INSERT INTO ArtisteAppartientAuGenre VALUES('Indie Pop','Dan Smith');
INSERT INTO ArtisteAppartientAuGenre VALUES('Indie Pop','Kyle Simmons');
INSERT INTO ArtisteAppartientAuGenre VALUES('Indie Pop','Will Farquarson');
INSERT INTO ArtisteAppartientAuGenre VALUES('Indie Pop','David Kendrick');
INSERT INTO ArtisteAppartientAuGenre VALUES('Electronique','Jack Patterson');
INSERT INTO ArtisteAppartientAuGenre VALUES('Electronique','Luke Patterson');
INSERT INTO ArtisteAppartientAuGenre VALUES('Electronique','Grace Chatto');
INSERT INTO ArtisteAppartientAuGenre VALUES('Rap','Nekfeu');
INSERT INTO ArtisteAppartientAuGenre VALUES('Rap','Orelsan');
INSERT INTO ArtisteAppartientAuGenre VALUES('Pop','Orelsan');
INSERT INTO ArtisteAppartientAuGenre VALUES('Pop','Michael Jackson');
INSERT INTO ArtisteAppartientAuGenre VALUES('Pop','Mika');
INSERT INTO ArtisteAppartientAuGenre VALUES('Electronique','Mika');
INSERT INTO ArtisteAppartientAuGenre VALUES('Funk','Mika');
INSERT INTO ArtisteAppartientAuGenre VALUES('Variete','Francis Cabrel');
INSERT INTO ArtisteAppartientAuGenre VALUES
('Rock', 'Bob Dylan');
INSERT INTO ArtisteAppartientAuGenre VALUES
('Blues', 'Bob Dylan');
INSERT INTO ArtisteAppartientAuGenre VALUES
('Rock', 'Justin Timberlake');
INSERT INTO ArtisteAppartientAuGenre VALUES
('R n B', 'Justin Timberlake');
INSERT INTO ArtisteAppartientAuGenre VALUES
('R n B', 'Usher');
INSERT INTO ArtisteAppartientAuGenre VALUES
('R n B', 'Rihanna');
INSERT INTO ArtisteAppartientAuGenre VALUES
('Pop', 'Rihanna');
INSERT INTO ArtisteAppartientAuGenre VALUES
('Hip-Hop', 'Rihanna');
INSERT INTO ArtisteAppartientAuGenre VALUES
('Pop', 'Katy Perry');
INSERT INTO ArtisteAppartientAuGenre VALUES
('Electropop', 'Katy Perry');
INSERT INTO ArtisteAppartientAuGenre VALUES
('Rock', 'Katy Perry');
INSERT INTO ArtisteAppartientAuGenre VALUES
('Pop-Rock', 'Katy Perry');
INSERT INTO ArtisteAppartientAuGenre VALUES
('Blues', 'Mick Jagger');
INSERT INTO ArtisteAppartientAuGenre VALUES
('Rock', 'Mick Jagger');
INSERT INTO ArtisteAppartientAuGenre VALUES
('Blues', 'Keith Richards');
INSERT INTO ArtisteAppartientAuGenre VALUES
('Rock', 'Keith Richards');
INSERT INTO ArtisteAppartientAuGenre VALUES
('Rock n roll', 'Keith Richards');
INSERT INTO ArtisteAppartientAuGenre VALUES
('Rock', 'Ron Wood');
INSERT INTO ArtisteAppartientAuGenre VALUES
('Funk', 'Leo');
INSERT INTO ArtisteAppartientAuGenre VALUES
('Hip-Hop', 'Leo');
INSERT INTO ArtisteAppartientAuGenre VALUES
('Funk', 'Alex');
INSERT INTO ArtisteAppartientAuGenre VALUES
('Hip-Hop', 'Alex');
INSERT INTO ArtisteAppartientAuGenre VALUES
('Pop-Rock', 'Dan Reynolds');
INSERT INTO ArtisteAppartientAuGenre VALUES
('Indie rock', 'Dan Reynolds');
INSERT INTO ArtisteAppartientAuGenre VALUES
('Indie pop', 'Dan Reynolds');
INSERT INTO ArtisteAppartientAuGenre VALUES
('Electropop', 'Dan Reynolds');
INSERT INTO ArtisteAppartientAuGenre VALUES
('Indie rock', 'Wayne Sermon');
INSERT INTO ArtisteAppartientAuGenre VALUES ('Rap','BigFlo');
INSERT INTO ArtisteAppartientAuGenre VALUES ('Rap','Oli');
INSERT INTO ArtisteAppartientAuGenre VALUES ('Rock','Anthony Kiedis');
INSERT INTO ArtisteAppartientAuGenre VALUES('Rock','Flea');
INSERT INTO ArtisteAppartientAuGenre VALUES ('Rock','Chad Smith');
INSERT INTO ArtisteAppartientAuGenre VALUES('Rock','John Frusciante');
INSERT INTO ArtisteAppartientAuGenre VALUES('Metal','Till Lindemann');
INSERT INTO ArtisteAppartientAuGenre VALUES('Metal','Richard Zven Kruspe');
INSERT INTO ArtisteAppartientAuGenre VALUES('Metal','Paul H. Landers');
INSERT INTO ArtisteAppartientAuGenre VALUES('Metal','Oliver Riedel');
INSERT INTO ArtisteAppartientAuGenre VALUES('Metal','Christian Lorenz');
INSERT INTO ArtisteAppartientAuGenre VALUES('Metal','Christoph Schneider');





/*GROUPE APPARTIENT AU GENRE*/

INSERT INTO GroupeAppartientAuGenre VALUES('Rock','Maneskin');
INSERT INTO GroupeAppartientAuGenre VALUES('Soul','Silk Sonic');
INSERT INTO GroupeAppartientAuGenre VALUES('Acapella','Pentatonix');
INSERT INTO GroupeAppartientAuGenre VALUES('Indie Pop','Bastille');
INSERT INTO GroupeAppartientAuGenre VALUES('Electronique','Clean Bandit');
INSERT INTO GroupeAppartientAuGenre VALUES('Rock','RedHotChiliPeppers');
INSERT INTO GroupeAppartientAuGenre VALUES('Rap','RedHotChiliPeppers');
INSERT INTO GroupeAppartientAuGenre VALUES('Pop','RedHotChiliPeppers');
INSERT INTO GroupeAppartientAuGenre VALUES('Funk','RedHotChiliPeppers');
INSERT INTO GroupeAppartientAuGenre VALUES('Rap','BigFloetOli');
INSERT INTO GroupeAppartientAuGenre VALUES('Pop','BigFloetOli');
INSERT INTO GroupeAppartientAuGenre VALUES('Funk','BigFloetOli');
INSERT INTO GroupeAppartientAuGenre VALUES('Metal','Rammstein');
INSERT INTO GroupeAppartientAuGenre VALUES
('Rock', 'The Rolling Stones');
INSERT INTO GroupeAppartientAuGenre VALUES
('Blues rock', 'The Rolling Stones');
INSERT INTO GroupeAppartientAuGenre VALUES
('Rock n roll', 'The Rolling Stones');
INSERT INTO GroupeAppartientAuGenre VALUES
('Pop-Rock', 'The Rolling Stones');
INSERT INTO GroupeAppartientAuGenre VALUES
('Funk', 'ALI');
INSERT INTO GroupeAppartientAuGenre VALUES
('Hip-Hop', 'ALI');
INSERT INTO GroupeAppartientAuGenre VALUES
('Pop-Rock', 'Imagine Dragons');
INSERT INTO GroupeAppartientAuGenre VALUES
('Electropop', 'Imagine Dragons');
INSERT INTO GroupeAppartientAuGenre VALUES
('Indie pop', 'Imagine Dragons');


/*OEUVRE APPARTIENT AU GENRE*/

INSERT INTO OeuvreAppartientAuGenre VALUES('Rock',2055980);
INSERT INTO OeuvreAppartientAuGenre VALUES('Pop-Rock',8141206);
INSERT INTO OeuvreAppartientAuGenre VALUES('Pop',8522670);
INSERT INTO OeuvreAppartientAuGenre VALUES('Pop-Rock',7387512);
INSERT INTO OeuvreAppartientAuGenre VALUES('Alternatif',6663065);
INSERT INTO OeuvreAppartientAuGenre VALUES('Pop',1692907);
INSERT INTO OeuvreAppartientAuGenre VALUES('Alternatif',3396881);
INSERT INTO OeuvreAppartientAuGenre VALUES('Rap',8318197);
INSERT INTO OeuvreAppartientAuGenre VALUES('Hyperpop',2721185);
INSERT INTO OeuvreAppartientAuGenre VALUES('Pop-Rock',3429202);
INSERT INTO OeuvreAppartientAuGenre VALUES('Pop-Rock',4888152);
INSERT INTO OeuvreAppartientAuGenre VALUES('Electronique',8573224);
INSERT INTO OeuvreAppartientAuGenre VALUES('Hyperpop',9064079);
INSERT INTO OeuvreAppartientAuGenre VALUES('Pop',9674082);
INSERT INTO OeuvreAppartientAuGenre VALUES('Hyperpop',2753467);
INSERT INTO OeuvreAppartientAuGenre VALUES('Rap',8156047);
INSERT INTO OeuvreAppartientAuGenre VALUES('Rap',8301070);
INSERT INTO OeuvreAppartientAuGenre VALUES('Pop',8423917);
INSERT INTO OeuvreAppartientAuGenre VALUES('Rap',6534088);
INSERT INTO OeuvreAppartientAuGenre VALUES('Pop',4086990);
INSERT INTO OeuvreAppartientAuGenre VALUES('Rap',5632988);
INSERT INTO OeuvreAppartientAuGenre VALUES('Pop',206595);
INSERT INTO OeuvreAppartientAuGenre VALUES('Pop',3605906);
INSERT INTO OeuvreAppartientAuGenre VALUES('Pop',2359805);
INSERT INTO OeuvreAppartientAuGenre VALUES('Rock',1113704);
INSERT INTO OeuvreAppartientAuGenre VALUES('Rock',1323972);
INSERT INTO OeuvreAppartientAuGenre VALUES('Rock',9137849);
INSERT INTO OeuvreAppartientAuGenre VALUES('Soul',2624599);
INSERT INTO OeuvreAppartientAuGenre VALUES('Soul',5116801);
INSERT INTO OeuvreAppartientAuGenre VALUES('Acapella',6362902);
INSERT INTO OeuvreAppartientAuGenre VALUES('Acapella',7609003);
INSERT INTO OeuvreAppartientAuGenre VALUES('Acapella',8855104);
INSERT INTO OeuvreAppartientAuGenre VALUES('Indie Pop',9101205);
INSERT INTO OeuvreAppartientAuGenre VALUES('Indie Pop',1347306);
INSERT INTO OeuvreAppartientAuGenre VALUES('Indie Pop',2593407);
INSERT INTO OeuvreAppartientAuGenre VALUES('Electronique',3839508);
INSERT INTO OeuvreAppartientAuGenre VALUES('Electronique',5085609);
INSERT INTO OeuvreAppartientAuGenre VALUES('Electronique',6331710);
INSERT INTO OeuvreAppartientAuGenre VALUES('Rock',6692538);
INSERT INTO OeuvreAppartientAuGenre VALUES('Pop',6692538);
INSERT INTO OeuvreAppartientAuGenre VALUES('Rock',3498749);
INSERT INTO OeuvreAppartientAuGenre VALUES('Funk',3498749);
INSERT INTO OeuvreAppartientAuGenre VALUES('Rap',3498749);
INSERT INTO OeuvreAppartientAuGenre VALUES('Rock',3447379);
INSERT INTO OeuvreAppartientAuGenre VALUES('Funk',3447379);
INSERT INTO OeuvreAppartientAuGenre VALUES('Rock',8515600);
INSERT INTO OeuvreAppartientAuGenre VALUES('Rap',4471106);
INSERT INTO OeuvreAppartientAuGenre VALUES('Funk',4471106);
INSERT INTO OeuvreAppartientAuGenre VALUES('Rap',1987311);
INSERT INTO OeuvreAppartientAuGenre VALUES('Rap',4906133);
INSERT INTO OeuvreAppartientAuGenre VALUES('Pop',4906133);
INSERT INTO OeuvreAppartientAuGenre VALUES('Metal',2227814);
INSERT INTO OeuvreAppartientAuGenre VALUES('Electronique',2227814);
INSERT INTO OeuvreAppartientAuGenre VALUES('Metal',3286136);
INSERT INTO OeuvreAppartientAuGenre VALUES('Metal',5105476);
INSERT INTO OeuvreAppartientAuGenre VALUES('Electronique',5105476);
INSERT INTO OeuvreAppartientAuGenre VALUES('Rap',9006219);
INSERT INTO OeuvreAppartientAuGenre VALUES('Rap',5539982);
INSERT INTO OeuvreAppartientAuGenre VALUES('Pop',5539982);
INSERT INTO OeuvreAppartientAuGenre VALUES('Rap',5415728);
INSERT INTO OeuvreAppartientAuGenre VALUES('Rap',9118723);
INSERT INTO OeuvreAppartientAuGenre VALUES('Pop',9118723);
INSERT INTO OeuvreAppartientAuGenre VALUES('Rap',5415728);
INSERT INTO OeuvreAppartientAuGenre VALUES('Pop',5996697);
INSERT INTO OeuvreAppartientAuGenre VALUES('Pop',5747701);
INSERT INTO OeuvreAppartientAuGenre VALUES('Pop',8852530);
INSERT INTO OeuvreAppartientAuGenre VALUES('Pop',0483314);
INSERT INTO OeuvreAppartientAuGenre VALUES('Electronique',0483314);
INSERT INTO OeuvreAppartientAuGenre VALUES('Funk',0483314);
INSERT INTO OeuvreAppartientAuGenre VALUES('Pop',0318821);
INSERT INTO OeuvreAppartientAuGenre VALUES('Variete',1354241);
INSERT INTO OeuvreAppartientAuGenre VALUES('Variete',9027919);
INSERT INTO OeuvreAppartientAuGenre VALUES('Pop',0318821);
INSERT INTO OeuvreAppartientAuGenre VALUES('Variete',1354241);
INSERT INTO OeuvreAppartientAuGenre VALUES('Variete',9027919);

INSERT INTO OeuvreAppartientAuGenre VALUES
('Folk', 8754097);
INSERT INTO OeuvreAppartientAuGenre VALUES
('Folk', 6776559);
INSERT INTO OeuvreAppartientAuGenre VALUES
('R n B', 2014737);
INSERT INTO OeuvreAppartientAuGenre VALUES
('Country', 2014737);
INSERT INTO OeuvreAppartientAuGenre VALUES
('Folk', 2014737);
INSERT INTO OeuvreAppartientAuGenre VALUES
('R n B', 5167212);
INSERT INTO OeuvreAppartientAuGenre VALUES
('Pop', 5167212);
INSERT INTO OeuvreAppartientAuGenre VALUES
('R n B', 2296321);
INSERT INTO OeuvreAppartientAuGenre VALUES
('Pop', 2296321);
INSERT INTO OeuvreAppartientAuGenre VALUES
('Pop', 2145173);
INSERT INTO OeuvreAppartientAuGenre VALUES
('Pop', 5791964);
INSERT INTO OeuvreAppartientAuGenre VALUES
('Pop-Rock', 8617529);
INSERT INTO OeuvreAppartientAuGenre VALUES
('Pop', 8617529);
INSERT INTO OeuvreAppartientAuGenre VALUES
('Dance-pop', 2363727);
INSERT INTO OeuvreAppartientAuGenre VALUES
('Rock n roll', 8191712);
INSERT INTO OeuvreAppartientAuGenre VALUES
('Rock n roll', 4347761);
INSERT INTO OeuvreAppartientAuGenre VALUES
('Hip-Hop', 1705470);
INSERT INTO OeuvreAppartientAuGenre VALUES
('Jazz', 2856706);
INSERT INTO OeuvreAppartientAuGenre VALUES
('Rock alternatif', 2856706);
INSERT INTO OeuvreAppartientAuGenre VALUES
('Rock', 1374480);
INSERT INTO OeuvreAppartientAuGenre VALUES('Rock',6692538);
INSERT INTO OeuvreAppartientAuGenre VALUES('Pop',6692538);
INSERT INTO OeuvreAppartientAuGenre VALUES('Rock',3498749);
INSERT INTO OeuvreAppartientAuGenre VALUES('Funk',3498749);
INSERT INTO OeuvreAppartientAuGenre VALUES('Rap',3498749);
INSERT INTO OeuvreAppartientAuGenre VALUES('Rock',3447379);
INSERT INTO OeuvreAppartientAuGenre VALUES('Funk',3447379);
INSERT INTO OeuvreAppartientAuGenre VALUES('Rock',8515600);
INSERT INTO OeuvreAppartientAuGenre VALUES('Rap',4471106);
INSERT INTO OeuvreAppartientAuGenre VALUES('Funk',4471106);
INSERT INTO OeuvreAppartientAuGenre VALUES('Rap',1987311);
INSERT INTO OeuvreAppartientAuGenre VALUES('Rap',4906133);
INSERT INTO OeuvreAppartientAuGenre VALUES('Pop',4906133);
INSERT INTO OeuvreAppartientAuGenre VALUES('Metal',2227814);
INSERT INTO OeuvreAppartientAuGenre VALUES('Electronique',2227814);
INSERT INTO OeuvreAppartientAuGenre VALUES('Metal',3286136);
INSERT INTO OeuvreAppartientAuGenre VALUES('Metal',5105476);
INSERT INTO OeuvreAppartientAuGenre VALUES('Electronique',5105476);
INSERT INTO OeuvreAppartientAuGenre VALUES('Rap',9006219);
INSERT INTO OeuvreAppartientAuGenre VALUES('Rap',5539982);
INSERT INTO OeuvreAppartientAuGenre VALUES('Pop',5539982);
INSERT INTO OeuvreAppartientAuGenre VALUES('Rap',5415728);
INSERT INTO OeuvreAppartientAuGenre VALUES('Rap',9118723);
INSERT INTO OeuvreAppartientAuGenre VALUES('Pop',9118723);
INSERT INTO OeuvreAppartientAuGenre VALUES('Rap',5415728);
INSERT INTO OeuvreAppartientAuGenre VALUES('Pop',5996697);
INSERT INTO OeuvreAppartientAuGenre VALUES('Pop',5747701);
INSERT INTO OeuvreAppartientAuGenre VALUES('Pop',8852530);
INSERT INTO OeuvreAppartientAuGenre VALUES('Pop',0483314);
INSERT INTO OeuvreAppartientAuGenre VALUES('Electronique',0483314);
INSERT INTO OeuvreAppartientAuGenre VALUES('Funk',0483314);
INSERT INTO OeuvreAppartientAuGenre VALUES('Pop',0318821);
INSERT INTO OeuvreAppartientAuGenre VALUES('Variete',1354241);
INSERT INTO OeuvreAppartientAuGenre VALUES('Variete',9027919);


/*NOMINATION OEUVRE*/

INSERT INTO NominationOeuvre VALUES(73005,' 02-jan-2021','Gagnant',2721185,'Teen Choice Award');

INSERT INTO NominationOeuvre VALUES(72677,' 15-dec-2021',null,3396881,'Meilleure prestation vocale');

INSERT INTO NominationOeuvre VALUES(43122,' 15-oct-2015',null,1692907,'Meilleure chanteuse pop');

INSERT INTO NominationOeuvre VALUES(11904,' 19-mar-2016','Gagnant',3429202,'Album masculin de l annee');

INSERT INTO NominationOeuvre VALUES(33195,' 06-may-2015','Gagnant',8573224,'MTV Video Music Award');

INSERT INTO NominationOeuvre VALUES(91151,' 06-jan-2020',null,8141206,'Meilleur live etranger');

INSERT INTO NominationOeuvre VALUES(48662,'15-jan-2022','Gagnant',9674082,'Revelation de l Annee');

INSERT INTO NominationOeuvre VALUES(34651,' 3-jan-2022','Gagnant',8156047,'Album de l Annee');

INSERT INTO NominationOeuvre VALUES(00089,'05-jan-2022',null,2359805,'Meilleure prestation vocale');

INSERT INTO NominationOeuvre VALUES(40899,' 15-jan-2020','Gagnant',3605906,'Album de l Annee');

INSERT INTO NominationOeuvre VALUES(51388,'22-jun-2015','Gagnant',9101205,'Album masculin de l annee');

INSERT INTO NominationOeuvre VALUES
(80301, '15-may-1963', null, 8754097, 'Meilleur enregistrement folk');

INSERT INTO NominationOeuvre VALUES
(84506, '01-mar-1994', null, 6776559, 'Meilleure prestation vocale');

INSERT INTO NominationOeuvre VALUES
(04599, '01-jan-1998', null, 5167212, 'Album masculin de l annee');

INSERT INTO NominationOeuvre VALUES
(12263, '01-jan-1998', null, 5167212, 'Meilleur clip (R and B/Urban)');

INSERT INTO NominationOeuvre VALUES
(41514, '08-feb-2009', null, 8617529, 'Meilleure chanteuse pop');

INSERT INTO NominationOeuvre VALUES
(59490, '31-jan-2010', null, 8617529, 'Meilleure chanteuse pop');

INSERT INTO NominationOeuvre VALUES (55283,'08-sep-1999','Gagnant',6692538,'Meilleur album rock');

INSERT INTO NominationOeuvre VALUES (39065,'11-sep-2002',null,3498749,'Meilleur album rock');

INSERT INTO NominationOeuvre VALUES (56801,'05-sep-2015','Gagnant',5539982,'Single de lannee');

INSERT INTO NominationOeuvre VALUES (43036,'03-sep-1984','Gagnant',8852530,'Single de lannee');

INSERT INTO NominationOeuvre VALUES (08620,'07-sep-2011','Gagnant',0318821,'Single de lannee');



/*NOMINATION ARTISTE*/

INSERT INTO NominationArtiste VALUES(32454,' 22-jun-2020','Gagnant','Doja Cat','Meilleur clip (R and B/Urban)');

INSERT INTO NominationArtiste VALUES(07835,' 16-jun-2015','Gagnant','Bruno Mars','Best Boy');

INSERT INTO NominationArtiste VALUES(16756,' 22-jul-2015',null,'Mitch Grassi','Nouvel artiste de l annee');

INSERT INTO NominationArtiste VALUES(66498,' 22-may-2020',null,'Doja Cat','Meilleur artiste feminin');

INSERT INTO NominationArtiste VALUES(87117,' 18-jun-2021',null,'Dan Smith','Best Boy');

INSERT INTO NominationArtiste VALUES(74760,' 22-jun-2018','Gagnant','Ashnikko','MTV Video Music Award');

INSERT INTO NominationArtiste VALUES(62759,' 30-jun-2021',null,'Lil Nas X','People s Choice Awards');

INSERT INTO NominationArtiste VALUES(61721,' 22-jun-2020','Gagnant','Lil Nas X','MTV Video Music Award');

INSERT INTO NominationArtiste VALUES(00154,' 28-apr-2020','Gagnant','Rebecca Black','Artiste crossover de l annee');
INSERT INTO NominationArtiste VALUES(51604,' 29-may-2020',null,'Rebecca Black','Revelation de l Annee');

INSERT INTO NominationArtiste VALUES(26145,' 22-jun-2021','Gagnant','Ashnikko','Revelation de l Annee');

INSERT INTO NominationArtiste VALUES(51144,' 15-jun-2016','Gagnant','Ariana Grande','Meilleur artiste feminin');

INSERT INTO NominationArtiste VALUES(98368,' 12-mar-2019','Gagnant','Doja Cat','Nouvel artiste de l annee');

INSERT INTO NominationArtiste VALUES
(35971, '16-oct-2014', null, 'Justin Timberlake', 'Best Boy');



INSERT INTO NominationArtiste VALUES
(38838, '18-may-2014', 'Gagnant', 'Justin Timberlake', 'Meilleur artiste');

INSERT INTO NominationArtiste VALUES
(12061, '28-apr-2011', 'Gagnant', 'Usher', 'Artiste crossover de l annee');

INSERT INTO NominationArtiste VALUES
(85648, '01-jan-2002', null, 'Usher', 'Meilleur artiste');

INSERT INTO NominationArtiste VALUES
(52457, '01-jan-2011', 'Gagnant', 'Rihanna', 'Meilleur artiste feminin');

INSERT INTO NominationArtiste VALUES(04748,' 22-apr-2015','Gagnant','YUNGBLUD','Teen Choice Award');


INSERT INTO NominationArtiste VALUES
(99518, '24-nov-2013', null, 'Justin Timberlake', 'Artiste de l Annee');

INSERT INTO NominationArtiste VALUES
(10386, '01-jan-2011', null, 'Rihanna', 'Meilleur artiste');

INSERT INTO NominationArtiste VALUES
(23779, '01-jan-2011', 'Gagnant', 'Katy Perry', 'Meilleur artiste');

INSERT INTO NominationArtiste VALUES
(66082, '01-jan-2012', 'Gagnant', 'Katy Perry', 'Meilleur artiste');

INSERT INTO NominationArtiste VALUES (89592,'10-jul-2007','Gagant','Mika','Meilleur artiste soliste');

INSERT INTO NominationArtiste VALUES (99671,'12-jul-2009',null,'Mika','Meilleur artiste soliste');

INSERT INTO NominationArtiste VALUES (52793,'11-oct-2015','Gagant','Nekfeu','Decouverte urbaine de lannee');

INSERT INTO NominationArtiste VALUES (23807,'10-oct-2021','Gagant','Orelsan','Decouverte urbaine de lannee');

INSERT INTO NominationArtiste VALUES (93415,'10-jul-1983','','Michael Jackson','Meilleur artiste soliste');

INSERT INTO NominationArtiste VALUES (82752,'9-jul-1982','','Michael Jackson','Meilleur artiste soliste');


/*NOMINATION GROUPE*/


INSERT INTO NominationGroupe VALUES(98182,' 12-mar-2021','Gagnant','Maneskin','Eurovision');

INSERT INTO NominationGroupe VALUES(59029,' 12-mar-2019','Gagnant','Maneskin','Meilleur groupe international');

INSERT INTO NominationGroupe VALUES(37187,' 12-mar-2021','Gagnant','Maneskin','Groupe de l annee');

INSERT INTO NominationGroupe VALUES(76997,' 12-dec-2021','Gagnant','Silk Sonic','Meilleur live etranger');

INSERT INTO NominationGroupe VALUES(18128,' 12-dec-2021','Gagnant','Silk Sonic','Meilleure prestation vocale');

INSERT INTO NominationGroupe VALUES(08820,' 15-mar-2019','Gagnant','Pentatonix','Meilleur live etranger');

INSERT INTO NominationGroupe VALUES(23617,' 12-mar-2021','Gagnant','Pentatonix','Meilleur groupe international');

INSERT INTO NominationGroupe VALUES(18344,' 12-mar-2019','Gagnant','Pentatonix','Groupe de l annee');

INSERT INTO NominationGroupe VALUES(03260,' 12-oct-2016',null,'Bastille','Groupe de l annee');

INSERT INTO NominationGroupe VALUES(16780,' 12-may-2020','Gagnant','Bastille','Meilleure prestation vocale');

INSERT INTO NominationGroupe VALUES(93719,' 12-apr-2015',null,'Clean Bandit','Meilleure prestation vocale');

INSERT INTO NominationGroupe VALUES(25257,' 12-mar-2019','Gagnant','Clean Bandit','Meilleur groupe international');

INSERT INTO NominationGroupe VALUES(32628,' 13-mar-2020','Gagnant','Clean Bandit','Meilleur groupe international');

INSERT INTO NominationGroupe VALUES
(72061, '01-jan-2013', 'Gagnant', 'The Rolling Stones', 'Groupe de l annee');

INSERT INTO NominationGroupe VALUES
(17324, '01-jan-1996', null, 'The Rolling Stones', 'Meilleur live etranger');

INSERT INTO NominationGroupe VALUES
(02707, '01-jan-1999', 'Gagnant', 'The Rolling Stones', 'Meilleur live etranger');

INSERT INTO NominationGroupe VALUES
(77472, '01-jan-2006', null, 'The Rolling Stones', 'Meilleur groupe international');

INSERT INTO NominationGroupe VALUES
(78100, '24-nov-2013', null, 'Imagine Dragons', 'Nouvel artiste de l annee');

INSERT INTO NominationGroupe VALUES
(16871, '01-jan-2018', 'Gagnant', 'Imagine Dragons', 'Groupe de l annee');

INSERT INTO NominationGroupe VALUES (10234,'08-sep-1999','Gagant','RedHotChiliPeppers','Meilleur album rock');

INSERT INTO NominationGroupe VALUES (59892,'11-sep-2002',null,'RedHotChiliPeppers','Meilleur album rock');

INSERT INTO NominationGroupe VALUES (85058,'10-jul-2015',null,'BigFloetOli','Decouverte urbaine de lannee');

INSERT INTO NominationGroupe VALUES (63649,'10-jul-2016','Gagant','BigFloetOli','Decouverte urbaine de lannee');

INSERT INTO NominationGroupe VALUES (52675,'26-jun-2019','Gagant','Rammstein','Meilleur groupe metal');

/*COLLABORATION GROUPE*/



/*COLLABORATION GROUPE*/
